game_date,home_name,away_name,home_score,away_score,home_win,home_starter_name,away_starter_name
2026-03-25,San Francisco Giants,New York Yankees,0,7,0,Logan Webb,Max Fried
2026-03-26,New York Mets,Pittsburgh Pirates,11,7,1,Freddy Peralta,Paul Skenes
2026-03-26,Milwaukee Brewers,Chicago White Sox,14,2,1,Jacob Misiorowski,Shane Smith
2026-03-26,Chicago Cubs,Washington Nationals,4,10,0,Matthew Boyd,Cade Cavalli
2026-03-26,Baltimore Orioles,Minnesota Twins,2,1,1,Trevor Rogers,Joe Ryan
2026-03-26,Cincinnati Reds,Boston Red Sox,0,3,0,Andrew Abbott,Garrett Crochet
2026-03-26,Houston Astros,Los Angeles Angels,0,3,0,Hunter Brown,José Soriano
2026-03-26,San Diego Padres,Detroit Tigers,2,8,0,Nick Pivetta,Tarik Skubal
2026-03-26,St. Louis Cardinals,Tampa Bay Rays,9,7,1,Matthew Liberatore,Drew Rasmussen
2026-03-26,Philadelphia Phillies,Texas Rangers,5,3,1,Cristopher Sánchez,Nathan Eovaldi
2026-03-26,Los Angeles Dodgers,Arizona Diamondbacks,8,2,1,Yoshinobu Yamamoto,Zac Gallen
2026-03-26,Seattle Mariners,Cleveland Guardians,4,6,0,Logan Gilbert,Tanner Bibee
2026-03-27,San Francisco Giants,New York Yankees,0,3,0,Robbie Ray,Cam Schlittler
2026-03-27,Toronto Blue Jays,Athletics,3,2,1,Kevin Gausman,Luis Severino
2026-03-27,Miami Marlins,Colorado Rockies,2,1,1,Sandy Alcantara,Kyle Freeland
2026-03-27,Atlanta Braves,Kansas City Royals,6,0,1,Chris Sale,Cole Ragans
2026-03-27,Houston Astros,Los Angeles Angels,2,6,0,Mike Burrows,Yusei Kikuchi
2026-03-27,San Diego Padres,Detroit Tigers,2,5,0,Michael King,Framber Valdez
2026-03-27,Seattle Mariners,Cleveland Guardians,5,1,1,George Kirby,Gavin Williams
2026-03-27,Los Angeles Dodgers,Arizona Diamondbacks,5,4,1,Emmet Sheehan,Ryne Nelson
2026-03-28,St. Louis Cardinals,Tampa Bay Rays,6,5,1,Michael McGreevy,Joe Boyle
2026-03-28,Chicago Cubs,Washington Nationals,10,2,1,Cade Horton,Miles Mikolas
2026-03-28,Toronto Blue Jays,Athletics,8,7,1,Dylan Cease,Jeffrey Springs
2026-03-28,Baltimore Orioles,Minnesota Twins,1,4,0,Kyle Bradish,Taj Bradley
2026-03-28,Philadelphia Phillies,Texas Rangers,4,5,0,Aaron Nola,Jacob Latz
2026-03-28,Cincinnati Reds,Boston Red Sox,6,5,1,Brady Singer,Sonny Gray
2026-03-28,New York Mets,Pittsburgh Pirates,4,2,1,David Peterson,Mitch Keller
2026-03-28,Miami Marlins,Colorado Rockies,4,3,1,Eury Pérez,Michael Lorenzen
2026-03-28,Houston Astros,Los Angeles Angels,11,9,1,Cristian Javier,Reid Detmers
2026-03-28,Milwaukee Brewers,Chicago White Sox,6,1,1,Chad Patrick,Sean Burke
2026-03-28,Atlanta Braves,Kansas City Royals,6,2,1,Reynaldo López,Michael Wacha
2026-03-28,San Francisco Giants,New York Yankees,1,3,0,Tyler Mahle,Will Warren
2026-03-28,San Diego Padres,Detroit Tigers,3,0,1,Randy Vásquez,Jack Flaherty
2026-03-28,Los Angeles Dodgers,Arizona Diamondbacks,3,2,1,Tyler Glasnow,Eduardo Rodriguez
2026-03-28,Seattle Mariners,Cleveland Guardians,5,6,0,Bryan Woo,Joey Cantillo
2026-03-29,Baltimore Orioles,Minnesota Twins,8,6,1,Shane Baz,Bailey Ober
2026-03-29,Philadelphia Phillies,Texas Rangers,3,8,0,Jesús Luzardo,MacKenzie Gore
2026-03-29,Atlanta Braves,Kansas City Royals,1,4,0,Grant Holmes,Seth Lugo
2026-03-29,Toronto Blue Jays,Athletics,5,2,1,Eric Lauer,Luis Morales
2026-03-29,Cincinnati Reds,Boston Red Sox,3,2,1,Rhett Lowder,Connelly Early
2026-03-29,New York Mets,Pittsburgh Pirates,3,4,0,Nolan McLean,Carmen Mlodzinski
2026-03-29,Miami Marlins,Colorado Rockies,4,3,1,Max Meyer,Jose Quintana
2026-03-29,Houston Astros,Los Angeles Angels,9,7,1,Tatsuya Imai,Jack Kochanowicz
2026-03-29,Milwaukee Brewers,Chicago White Sox,9,7,1,Brandon Sproat,Anthony Kay
2026-03-29,St. Louis Cardinals,Tampa Bay Rays,7,11,0,Dustin May,Steven Matz
2026-03-29,Chicago Cubs,Washington Nationals,3,6,0,Shota Imanaga,Jake Irvin
2026-03-29,Seattle Mariners,Cleveland Guardians,8,0,1,Emerson Hancock,Slade Cecconi
2026-03-30,Kansas City Royals,Minnesota Twins,3,1,1,Kris Bubic,Simeon Woods Richardson
2026-03-30,Baltimore Orioles,Texas Rangers,2,5,0,Chris Bassitt,Jack Leiter
2026-03-30,Cincinnati Reds,Pittsburgh Pirates,2,0,1,Chase Burns,Braxton Ashcraft
2026-03-30,Philadelphia Phillies,Washington Nationals,2,13,0,Taijuan Walker,Foster Griffin
2026-03-30,Miami Marlins,Chicago White Sox,4,9,0,Chris Paddack,Davis Martin
2026-03-30,Toronto Blue Jays,Colorado Rockies,5,14,0,Cody Ponce,Tomoyuki Sugano
2026-03-30,Atlanta Braves,Athletics,4,0,1,Bryce Elder,Jacob Lopez
2026-03-30,Chicago Cubs,Los Angeles Angels,7,2,1,Edward Cabrera,Ryan Johnson
2026-03-30,Milwaukee Brewers,Tampa Bay Rays,2,3,0,Kyle Harrison,Nick Martinez
2026-03-30,St. Louis Cardinals,New York Mets,2,4,0,Kyle Leahy,Clay Holmes
2026-03-30,Houston Astros,Boston Red Sox,8,1,1,Lance McCullers Jr.,Ranger Suarez
2026-03-30,San Diego Padres,San Francisco Giants,2,3,0,Walker Buehler,Landen Roupp
2026-03-30,Seattle Mariners,New York Yankees,2,1,1,Luis Castillo,Ryan Weathers
2026-03-30,Arizona Diamondbacks,Detroit Tigers,9,6,1,Michael Soroka,Justin Verlander
2026-03-30,Los Angeles Dodgers,Cleveland Guardians,2,4,0,Roki Sasaki,Parker Messick
2026-03-31,Baltimore Orioles,Texas Rangers,5,8,0,Zach Eflin,Jacob deGrom
2026-03-31,Cincinnati Reds,Pittsburgh Pirates,3,8,0,Brandon Williamson,Bubba Chandler
2026-03-31,Philadelphia Phillies,Washington Nationals,3,2,1,Andrew Painter,PJ Poulin
2026-03-31,Miami Marlins,Chicago White Sox,9,2,1,Janson Junk,Erick Fedde
2026-03-31,Toronto Blue Jays,Colorado Rockies,5,1,1,Max Scherzer,Ryan Feltner
2026-03-31,Atlanta Braves,Athletics,2,5,0,José Suarez,Aaron Civale
2026-03-31,Chicago Cubs,Los Angeles Angels,0,2,0,Jameson Taillon,José Soriano
2026-03-31,Milwaukee Brewers,Tampa Bay Rays,6,2,1,Brandon Woodruff,Shane McClanahan
2026-03-31,St. Louis Cardinals,New York Mets,3,0,1,Andre Pallante,Kodai Senga
2026-03-31,Houston Astros,Boston Red Sox,9,2,1,Hunter Brown,Brayan Bello
2026-03-31,Arizona Diamondbacks,Detroit Tigers,7,5,1,Brandon Pfaadt,Casey Mize
2026-03-31,San Diego Padres,San Francisco Giants,3,9,0,Germán Márquez,Logan Webb
2026-03-31,Seattle Mariners,New York Yankees,0,5,0,Logan Gilbert,Max Fried
2026-03-31,Los Angeles Dodgers,Cleveland Guardians,4,1,1,Shohei Ohtani,Tanner Bibee
2026-04-01,Atlanta Braves,Athletics,5,1,1,Chris Sale,Luis Severino
2026-04-01,Baltimore Orioles,Texas Rangers,8,3,1,Trevor Rogers,Nathan Eovaldi
2026-04-01,Cincinnati Reds,Pittsburgh Pirates,3,8,0,Andrew Abbott,Paul Skenes
2026-04-01,Philadelphia Phillies,Washington Nationals,6,5,1,Cristopher Sánchez,Cade Cavalli
2026-04-01,Toronto Blue Jays,Colorado Rockies,1,2,0,Kevin Gausman,Kyle Freeland
2026-04-01,Miami Marlins,Chicago White Sox,10,0,1,Sandy Alcantara,Shane Smith
2026-04-01,St. Louis Cardinals,New York Mets,2,1,1,Matthew Liberatore,Freddy Peralta
2026-04-01,Milwaukee Brewers,Tampa Bay Rays,8,2,1,Jacob Misiorowski,Drew Rasmussen
2026-04-01,Houston Astros,Boston Red Sox,6,4,1,Mike Burrows,Garrett Crochet
2026-04-01,Chicago Cubs,Los Angeles Angels,6,2,1,Matthew Boyd,Yusei Kikuchi
2026-04-01,Arizona Diamondbacks,Detroit Tigers,1,0,1,Zac Gallen,Tarik Skubal
2026-04-01,San Diego Padres,San Francisco Giants,7,1,1,Nick Pivetta,Adrian Houser
2026-04-01,Seattle Mariners,New York Yankees,3,5,0,George Kirby,Cam Schlittler
2026-04-01,Kansas City Royals,Minnesota Twins,13,9,1,Noah Cameron,Joe Ryan
2026-04-01,Los Angeles Dodgers,Cleveland Guardians,1,4,0,Yoshinobu Yamamoto,Gavin Williams
2026-04-02,Kansas City Royals,Minnesota Twins,1,5,0,Cole Ragans,Taj Bradley
2026-04-02,Arizona Diamondbacks,Atlanta Braves,2,17,0,Ryne Nelson,Reynaldo López
2026-04-02,San Francisco Giants,New York Mets,7,2,1,Robbie Ray,David Peterson
2026-04-03,Washington Nationals,Los Angeles Dodgers,6,13,0,Miles Mikolas,Emmet Sheehan
2026-04-03,Detroit Tigers,St. Louis Cardinals,4,0,1,Framber Valdez,Michael McGreevy
2026-04-03,New York Yankees,Miami Marlins,8,2,1,Will Warren,Eury Pérez
2026-04-03,Boston Red Sox,San Diego Padres,5,2,1,Sonny Gray,Michael King
2026-04-03,Chicago White Sox,Toronto Blue Jays,5,4,1,Grant Taylor,Dylan Cease
2026-04-03,Texas Rangers,Cincinnati Reds,3,5,0,MacKenzie Gore,Brady Singer
2026-04-03,Cleveland Guardians,Chicago Cubs,4,1,1,Joey Cantillo,Cade Horton
2026-04-03,Minnesota Twins,Tampa Bay Rays,10,4,1,Bailey Ober,Joe Boyle
2026-04-03,Colorado Rockies,Philadelphia Phillies,1,10,0,Michael Lorenzen,Aaron Nola
2026-04-03,Pittsburgh Pirates,Baltimore Orioles,5,4,1,Mitch Keller,Kyle Bradish
2026-04-03,Los Angeles Angels,Seattle Mariners,1,3,0,Reid Detmers,Bryan Woo
2026-04-03,Athletics,Houston Astros,11,4,1,Jeffrey Springs,Cristian Javier
2026-04-03,Arizona Diamondbacks,Atlanta Braves,0,2,0,Eduardo Rodriguez,Grant Holmes
2026-04-03,San Francisco Giants,New York Mets,3,10,0,Tyler Mahle,Nolan McLean
2026-04-04,Chicago White Sox,Toronto Blue Jays,6,3,1,Grant Taylor,Mason Fluharty
2026-04-04,Kansas City Royals,Milwaukee Brewers,2,5,0,Luinder Avila,Chad Patrick
2026-04-04,Kansas City Royals,Milwaukee Brewers,8,2,1,Seth Lugo,Logan Henderson
2026-04-04,Washington Nationals,Los Angeles Dodgers,5,10,0,Jake Irvin,Tyler Glasnow
2026-04-04,Athletics,Houston Astros,0,11,0,Luis Morales,Tatsuya Imai
2026-04-04,Pittsburgh Pirates,Baltimore Orioles,3,2,1,Carmen Mlodzinski,Shane Baz
2026-04-04,Boston Red Sox,San Diego Padres,2,3,0,Connelly Early,Randy Vásquez
2026-04-04,Texas Rangers,Cincinnati Reds,0,2,0,Kumar Rocker,Rhett Lowder
2026-04-04,New York Yankees,Miami Marlins,9,7,1,Ryan Weathers,Max Meyer
2026-04-04,Minnesota Twins,Tampa Bay Rays,1,7,0,Mick Abel,Steven Matz
2026-04-04,Arizona Diamondbacks,Atlanta Braves,2,1,1,Michael Soroka,Bryce Elder
2026-04-04,Colorado Rockies,Philadelphia Phillies,1,2,0,Brennan Bernardino,Jesús Luzardo
2026-04-04,San Francisco Giants,New York Mets,0,9,0,Landen Roupp,Clay Holmes
2026-04-04,Los Angeles Angels,Seattle Mariners,1,0,1,Jack Kochanowicz,Emerson Hancock
2026-04-05,Cleveland Guardians,Chicago Cubs,0,1,0,Slade Cecconi,Edward Cabrera
2026-04-05,Cleveland Guardians,Chicago Cubs,6,5,1,Parker Messick,Shota Imanaga
2026-04-05,Washington Nationals,Los Angeles Dodgers,6,8,0,Foster Griffin,Roki Sasaki
2026-04-05,Pittsburgh Pirates,Baltimore Orioles,8,2,1,Braxton Ashcraft,Chris Bassitt
2026-04-05,Boston Red Sox,San Diego Padres,6,8,0,Ranger Suarez,Walker Buehler
2026-04-05,New York Yankees,Miami Marlins,6,7,0,Max Fried,Pete Fairbanks
2026-04-05,Minnesota Twins,Tampa Bay Rays,1,4,0,Simeon Woods Richardson,Nick Martinez
2026-04-05,Chicago White Sox,Toronto Blue Jays,3,0,1,Davis Martin,Eric Lauer
2026-04-05,Kansas City Royals,Milwaukee Brewers,5,8,0,Kris Bubic,Kyle Harrison
2026-04-05,Texas Rangers,Cincinnati Reds,1,2,0,Jack Leiter,Chase Burns
2026-04-05,Colorado Rockies,Philadelphia Phillies,4,1,1,Tomoyuki Sugano,Taijuan Walker
2026-04-05,Athletics,Houston Astros,12,10,1,Jacob Lopez,Lance McCullers Jr.
2026-04-05,San Francisco Giants,New York Mets,2,5,0,Logan Webb,Kodai Senga
2026-04-05,Los Angeles Angels,Seattle Mariners,8,7,1,George Klassen,Luis Castillo
2026-04-05,Arizona Diamondbacks,Atlanta Braves,6,5,1,Brandon Pfaadt,Martín Pérez
2026-04-05,Detroit Tigers,St. Louis Cardinals,3,5,0,Keider Montero,Kyle Leahy
2026-04-06,Tampa Bay Rays,Chicago Cubs,6,4,1,Shane McClanahan,Jameson Taillon
2026-04-06,Cleveland Guardians,Kansas City Royals,2,4,0,Tanner Bibee,Michael Wacha
2026-04-06,Pittsburgh Pirates,San Diego Padres,0,5,0,Bubba Chandler,Germán Márquez
2026-04-06,Miami Marlins,Cincinnati Reds,0,2,0,Janson Junk,Brandon Williamson
2026-04-06,Washington Nationals,St. Louis Cardinals,9,6,1,Zack Littell,Andre Pallante
2026-04-06,Boston Red Sox,Milwaukee Brewers,6,8,0,Brayan Bello,Brandon Woodruff
2026-04-06,Toronto Blue Jays,Los Angeles Dodgers,2,14,0,Max Scherzer,Justin Wrobleski
2026-04-06,Minnesota Twins,Detroit Tigers,7,3,1,Joe Ryan,Casey Mize
2026-04-06,Chicago White Sox,Baltimore Orioles,1,2,0,Grant Taylor,Brandon Young
2026-04-06,Texas Rangers,Seattle Mariners,2,1,1,Jacob deGrom,Logan Gilbert
2026-04-06,Colorado Rockies,Houston Astros,9,7,1,Ryan Feltner,Cody Bolton
2026-04-06,Los Angeles Angels,Atlanta Braves,6,2,1,José Soriano,Chris Sale
2026-04-06,San Francisco Giants,Philadelphia Phillies,4,6,0,Adrian Houser,Andrew Painter
2026-04-07,Cleveland Guardians,Kansas City Royals,2,1,1,Gavin Williams,Noah Cameron
2026-04-07,Chicago White Sox,Baltimore Orioles,2,4,0,Shane Smith,Trevor Rogers
2026-04-07,New York Mets,Arizona Diamondbacks,4,3,1,Freddy Peralta,Zac Gallen
2026-04-07,Pittsburgh Pirates,San Diego Padres,7,1,1,Paul Skenes,Nick Pivetta
2026-04-07,Tampa Bay Rays,Chicago Cubs,2,9,0,Mason Englert,Javier Assad
2026-04-07,Miami Marlins,Cincinnati Reds,3,6,0,Sandy Alcantara,Andrew Abbott
2026-04-07,Washington Nationals,St. Louis Cardinals,6,7,0,Cade Cavalli,Matthew Liberatore
2026-04-07,Boston Red Sox,Milwaukee Brewers,3,2,1,Garrett Crochet,Jacob Misiorowski
2026-04-07,New York Yankees,Athletics,5,3,1,Cam Schlittler,Aaron Civale
2026-04-07,Toronto Blue Jays,Los Angeles Dodgers,1,4,0,Kevin Gausman,Yoshinobu Yamamoto
2026-04-07,Minnesota Twins,Detroit Tigers,4,2,1,Taj Bradley,Tarik Skubal
2026-04-07,Texas Rangers,Seattle Mariners,3,2,1,Nathan Eovaldi,George Kirby
2026-04-07,Colorado Rockies,Houston Astros,5,1,1,Kyle Freeland,Mike Burrows
2026-04-07,Los Angeles Angels,Atlanta Braves,2,7,0,Yusei Kikuchi,Reynaldo López
2026-04-07,San Francisco Giants,Philadelphia Phillies,6,0,1,Robbie Ray,Cristopher Sánchez
2026-04-08,Pittsburgh Pirates,San Diego Padres,2,8,0,Mitch Keller,Michael King
2026-04-08,Cleveland Guardians,Kansas City Royals,10,2,1,Joey Cantillo,Cole Ragans
2026-04-08,Boston Red Sox,Milwaukee Brewers,5,0,1,Sonny Gray,Shane Drohan
2026-04-08,Chicago White Sox,Baltimore Orioles,3,5,0,Sean Burke,Kyle Bradish
2026-04-08,Texas Rangers,Seattle Mariners,3,0,1,MacKenzie Gore,Bryan Woo
2026-04-08,Toronto Blue Jays,Los Angeles Dodgers,4,3,1,Dylan Cease,Shohei Ohtani
2026-04-08,Colorado Rockies,Houston Astros,9,1,1,Michael Lorenzen,Cristian Javier
2026-04-08,San Francisco Giants,Philadelphia Phillies,5,0,1,Tyler Mahle,Aaron Nola
2026-04-08,Washington Nationals,St. Louis Cardinals,1,6,0,Miles Mikolas,Michael McGreevy
2026-04-08,Los Angeles Angels,Atlanta Braves,2,8,0,Reid Detmers,Grant Holmes
2026-04-08,New York Mets,Arizona Diamondbacks,2,7,0,David Peterson,Ryne Nelson
2026-04-08,Tampa Bay Rays,Chicago Cubs,2,6,0,Joe Boyle,Colin Rea
2026-04-08,Miami Marlins,Cincinnati Reds,7,4,1,Eury Pérez,Brady Singer
2026-04-08,New York Yankees,Athletics,2,3,0,Will Warren,Luis Severino
2026-04-08,Minnesota Twins,Detroit Tigers,8,6,1,Bailey Ober,Framber Valdez
2026-04-09,Miami Marlins,Cincinnati Reds,8,1,1,Max Meyer,Rhett Lowder
2026-04-09,New York Yankees,Athletics,0,1,0,Ryan Weathers,Jeffrey Springs
2026-04-09,Minnesota Twins,Detroit Tigers,3,1,1,Mick Abel,Jack Flaherty
2026-04-09,New York Mets,Arizona Diamondbacks,1,7,0,Nolan McLean,Eduardo Rodriguez
2026-04-09,Kansas City Royals,Chicago White Sox,0,2,0,Seth Lugo,Anthony Kay
2026-04-09,San Diego Padres,Colorado Rockies,7,3,1,Randy Vásquez,Jimmy Herget
2026-04-10,Chicago Cubs,Pittsburgh Pirates,0,2,0,Shota Imanaga,Carmen Mlodzinski
2026-04-10,Philadelphia Phillies,Arizona Diamondbacks,4,5,0,Jesús Luzardo,Michael Soroka
2026-04-10,Detroit Tigers,Miami Marlins,2,0,1,Keider Montero,Chris Paddack
2026-04-10,Cincinnati Reds,Los Angeles Angels,2,10,0,Chase Burns,Jack Kochanowicz
2026-04-10,Toronto Blue Jays,Minnesota Twins,10,4,1,Patrick Corbin,Simeon Woods Richardson
2026-04-10,New York Mets,Athletics,0,4,0,Clay Holmes,J.T. Ginn
2026-04-10,Tampa Bay Rays,New York Yankees,5,3,1,Steven Matz,Luis Gil
2026-04-10,Baltimore Orioles,San Francisco Giants,3,6,0,Shane Baz,Landen Roupp
2026-04-10,Atlanta Braves,Cleveland Guardians,11,5,1,Bryce Elder,Slade Cecconi
2026-04-10,Kansas City Royals,Chicago White Sox,2,0,1,Kris Bubic,Davis Martin
2026-04-10,Milwaukee Brewers,Washington Nationals,3,7,0,Aaron Ashby,Jake Irvin
2026-04-10,St. Louis Cardinals,Boston Red Sox,3,2,1,Dustin May,Connelly Early
2026-04-10,San Diego Padres,Colorado Rockies,5,2,1,Walker Buehler,Tomoyuki Sugano
2026-04-10,Seattle Mariners,Houston Astros,9,6,1,Emerson Hancock,Tatsuya Imai
2026-04-10,Los Angeles Dodgers,Texas Rangers,8,7,1,Tyler Glasnow,Kumar Rocker
2026-04-11,Philadelphia Phillies,Arizona Diamondbacks,4,3,1,Taijuan Walker,Brandon Pfaadt
2026-04-11,Detroit Tigers,Miami Marlins,6,1,1,Casey Mize,Janson Junk
2026-04-11,Chicago Cubs,Pittsburgh Pirates,3,4,0,Edward Cabrera,Braxton Ashcraft
2026-04-11,Toronto Blue Jays,Minnesota Twins,4,7,0,Eric Lauer,Joe Ryan
2026-04-11,Cincinnati Reds,Los Angeles Angels,7,3,1,Brandon Williamson,George Klassen
2026-04-11,New York Mets,Athletics,6,11,0,Kodai Senga,Jacob Lopez
2026-04-11,Kansas City Royals,Chicago White Sox,2,0,1,Michael Wacha,Erick Fedde
2026-04-11,Tampa Bay Rays,New York Yankees,5,4,1,Nick Martinez,Max Fried
2026-04-11,Milwaukee Brewers,Washington Nationals,1,3,0,Kyle Harrison,Foster Griffin
2026-04-11,Baltimore Orioles,San Francisco Giants,6,2,1,Chris Bassitt,Logan Webb
2026-04-11,St. Louis Cardinals,Boston Red Sox,1,7,0,Kyle Leahy,Ranger Suarez
2026-04-11,Atlanta Braves,Cleveland Guardians,0,6,0,Martín Pérez,Parker Messick
2026-04-11,San Diego Padres,Colorado Rockies,9,5,1,Germán Márquez,Ryan Feltner
2026-04-11,Los Angeles Dodgers,Texas Rangers,6,3,1,Emmet Sheehan,Jack Leiter
2026-04-11,Seattle Mariners,Houston Astros,8,7,1,Luis Castillo,Lance McCullers Jr.
2026-04-12,Baltimore Orioles,San Francisco Giants,6,2,1,Cade Povich,Adrian Houser
2026-04-12,Philadelphia Phillies,Arizona Diamondbacks,3,4,0,Zach Pop,Zac Gallen
2026-04-12,Toronto Blue Jays,Minnesota Twins,2,8,0,Max Scherzer,Taj Bradley
2026-04-12,Cincinnati Reds,Los Angeles Angels,6,9,0,Andrew Abbott,José Soriano
2026-04-12,New York Mets,Athletics,0,1,0,Freddy Peralta,Aaron Civale
2026-04-12,Detroit Tigers,Miami Marlins,8,2,1,Tarik Skubal,Sandy Alcantara
2026-04-12,Tampa Bay Rays,New York Yankees,5,4,1,Drew Rasmussen,Cam Schlittler
2026-04-12,Kansas City Royals,Chicago White Sox,5,6,0,Noah Cameron,Grant Taylor
2026-04-12,Milwaukee Brewers,Washington Nationals,6,8,0,Brandon Woodruff,Zack Littell
2026-04-12,St. Louis Cardinals,Boston Red Sox,3,9,0,Andre Pallante,Brayan Bello
2026-04-12,Chicago Cubs,Pittsburgh Pirates,7,6,1,Jameson Taillon,Bubba Chandler
2026-04-12,San Diego Padres,Colorado Rockies,7,2,1,Nick Pivetta,Kyle Freeland
2026-04-12,Seattle Mariners,Houston Astros,6,1,1,Logan Gilbert,Cody Bolton
2026-04-12,Los Angeles Dodgers,Texas Rangers,2,5,0,Roki Sasaki,Jacob deGrom
2026-04-12,Atlanta Braves,Cleveland Guardians,13,1,1,Chris Sale,Tanner Bibee
2026-04-13,Seattle Mariners,Houston Astros,6,2,1,George Kirby,Mike Burrows
2026-04-13,Baltimore Orioles,Arizona Diamondbacks,9,7,1,Dean Kremer,Ryne Nelson
2026-04-13,Pittsburgh Pirates,Washington Nationals,16,5,1,Paul Skenes,PJ Poulin
2026-04-13,Philadelphia Phillies,Chicago Cubs,13,7,1,Cristopher Sánchez,Javier Assad
2026-04-13,New York Yankees,Los Angeles Angels,11,10,1,Will Warren,Yusei Kikuchi
2026-04-13,Atlanta Braves,Miami Marlins,4,10,0,Grant Holmes,Eury Pérez
2026-04-13,Minnesota Twins,Boston Red Sox,13,6,1,Bailey Ober,Garrett Crochet
2026-04-13,St. Louis Cardinals,Cleveland Guardians,3,9,0,Matthew Liberatore,Gavin Williams
2026-04-13,Athletics,Texas Rangers,1,8,0,Luis Severino,Nathan Eovaldi
2026-04-13,Los Angeles Dodgers,New York Mets,4,0,1,Justin Wrobleski,David Peterson
2026-04-14,Baltimore Orioles,Arizona Diamondbacks,3,4,0,Trevor Rogers,Merrill Kelly
2026-04-14,Detroit Tigers,Kansas City Royals,2,1,1,Framber Valdez,Cole Ragans
2026-04-14,Pittsburgh Pirates,Washington Nationals,4,5,0,Mitch Keller,PJ Poulin
2026-04-14,Cincinnati Reds,San Francisco Giants,2,1,1,Brady Singer,Robbie Ray
2026-04-14,Philadelphia Phillies,Chicago Cubs,4,10,0,Aaron Nola,Riley Martin
2026-04-14,New York Yankees,Los Angeles Angels,1,7,0,Ryan Weathers,Reid Detmers
2026-04-14,Atlanta Braves,Miami Marlins,6,5,1,Reynaldo López,Max Meyer
2026-04-14,Minnesota Twins,Boston Red Sox,6,0,1,Mick Abel,Sonny Gray
2026-04-14,Chicago White Sox,Tampa Bay Rays,5,8,0,Noah Schultz,Shane McClanahan
2026-04-14,Milwaukee Brewers,Toronto Blue Jays,7,9,0,Jacob Misiorowski,Kevin Gausman
2026-04-14,St. Louis Cardinals,Cleveland Guardians,6,5,1,Michael McGreevy,Joey Cantillo
2026-04-14,Houston Astros,Colorado Rockies,7,6,1,Spencer Arrighetti,Michael Lorenzen
2026-04-14,San Diego Padres,Seattle Mariners,4,1,1,Michael King,Bryan Woo
2026-04-14,Athletics,Texas Rangers,2,1,1,Jeffrey Springs,MacKenzie Gore
2026-04-14,Los Angeles Dodgers,New York Mets,2,1,1,Yoshinobu Yamamoto,Nolan McLean
2026-04-15,Baltimore Orioles,Arizona Diamondbacks,5,8,0,Kyle Bradish,Eduardo Rodriguez
2026-04-15,St. Louis Cardinals,Cleveland Guardians,5,3,1,Dustin May,Slade Cecconi
2026-04-15,Minnesota Twins,Boston Red Sox,5,9,0,Simeon Woods Richardson,Connelly Early
2026-04-15,Detroit Tigers,Kansas City Royals,2,1,1,Jack Flaherty,Seth Lugo
2026-04-15,Pittsburgh Pirates,Washington Nationals,2,0,1,Mason Montgomery,Jake Irvin
2026-04-15,Cincinnati Reds,San Francisco Giants,8,3,1,Rhett Lowder,Tyler Mahle
2026-04-15,Philadelphia Phillies,Chicago Cubs,2,11,0,Jesús Luzardo,Shota Imanaga
2026-04-15,New York Yankees,Los Angeles Angels,5,4,1,Luis Gil,Jack Kochanowicz
2026-04-15,Atlanta Braves,Miami Marlins,6,3,1,Bryce Elder,Chris Paddack
2026-04-15,Chicago White Sox,Tampa Bay Rays,3,8,0,Sean Burke,Jesse Scholtens
2026-04-15,Milwaukee Brewers,Toronto Blue Jays,2,1,1,Chad Patrick,Dylan Cease
2026-04-15,Houston Astros,Colorado Rockies,3,1,1,Spencer Arrighetti,Jose Quintana
2026-04-15,San Diego Padres,Seattle Mariners,7,6,1,Randy Vásquez,Emerson Hancock
2026-04-15,Athletics,Texas Rangers,6,5,1,J.T. Ginn,Kumar Rocker
2026-04-15,Los Angeles Dodgers,New York Mets,8,2,1,Shohei Ohtani,Clay Holmes
2026-04-16,Pittsburgh Pirates,Washington Nationals,7,8,0,Braxton Ashcraft,Foster Griffin
2026-04-16,Cincinnati Reds,San Francisco Giants,0,3,0,Chase Burns,Landen Roupp
2026-04-16,Detroit Tigers,Kansas City Royals,10,9,1,Keider Montero,Kris Bubic
2026-04-16,New York Yankees,Los Angeles Angels,4,11,0,Max Fried,Brent Suter
2026-04-16,Milwaukee Brewers,Toronto Blue Jays,2,1,1,Brandon Sproat,Patrick Corbin
2026-04-16,Chicago White Sox,Tampa Bay Rays,3,5,0,Jordan Leasure,Steven Matz
2026-04-16,Athletics,Texas Rangers,6,9,0,Jacob Lopez,Jack Leiter
2026-04-16,Cleveland Guardians,Baltimore Orioles,4,2,1,Parker Messick,Shane Baz
2026-04-16,Houston Astros,Colorado Rockies,2,3,0,Ryan Weiss,Juan Mejia
2026-04-16,San Diego Padres,Seattle Mariners,5,2,1,Walker Buehler,Luis Castillo
2026-04-17,Chicago Cubs,New York Mets,12,4,1,Edward Cabrera,Kodai Senga
2026-04-17,Cleveland Guardians,Baltimore Orioles,4,6,0,Tanner Bibee,Chris Bassitt
2026-04-17,Philadelphia Phillies,Atlanta Braves,0,9,0,Taijuan Walker,Martín Pérez
2026-04-17,Washington Nationals,San Francisco Giants,5,10,0,Zack Littell,Logan Webb
2026-04-17,Pittsburgh Pirates,Tampa Bay Rays,5,1,1,Bubba Chandler,Nick Martinez
2026-04-17,New York Yankees,Kansas City Royals,4,2,1,Cam Schlittler,Michael Wacha
2026-04-17,Miami Marlins,Milwaukee Brewers,5,7,0,Janson Junk,Coleman Crow
2026-04-17,Boston Red Sox,Detroit Tigers,1,0,1,Ranger Suarez,Casey Mize
2026-04-17,Houston Astros,St. Louis Cardinals,4,9,0,Peter Lambert,Kyle Leahy
2026-04-17,Minnesota Twins,Cincinnati Reds,1,2,0,Joe Ryan,Brandon Williamson
2026-04-17,Colorado Rockies,Los Angeles Dodgers,1,7,0,Tomoyuki Sugano,Tyler Glasnow
2026-04-17,Los Angeles Angels,San Diego Padres,8,0,1,José Soriano,Matt Waldron
2026-04-17,Seattle Mariners,Texas Rangers,0,5,0,Logan Gilbert,Jacob deGrom
2026-04-17,Arizona Diamondbacks,Toronto Blue Jays,6,3,1,Michael Soroka,Braydon Fisher
2026-04-17,Athletics,Chicago White Sox,2,9,0,Aaron Civale,Davis Martin
2026-04-18,New York Yankees,Kansas City Royals,13,4,1,Will Warren,Noah Cameron
2026-04-18,Minnesota Twins,Cincinnati Reds,4,5,0,Taj Bradley,Andrew Abbott
2026-04-18,Chicago Cubs,New York Mets,4,2,1,Jameson Taillon,Freddy Peralta
2026-04-18,Pittsburgh Pirates,Tampa Bay Rays,7,8,0,Paul Skenes,Drew Rasmussen
2026-04-18,Washington Nationals,San Francisco Giants,6,7,0,Cade Cavalli,Adrian Houser
2026-04-18,Athletics,Chicago White Sox,7,6,1,Luis Severino,Erick Fedde
2026-04-18,Boston Red Sox,Detroit Tigers,1,4,0,Brayan Bello,Tarik Skubal
2026-04-18,Miami Marlins,Milwaukee Brewers,2,5,0,Sandy Alcantara,Brandon Woodruff
2026-04-18,Cleveland Guardians,Baltimore Orioles,4,2,1,Gavin Williams,Dean Kremer
2026-04-18,Houston Astros,St. Louis Cardinals,5,7,0,Lance McCullers Jr.,Andre Pallante
2026-04-18,Seattle Mariners,Texas Rangers,7,3,1,George Kirby,Nathan Eovaldi
2026-04-18,Philadelphia Phillies,Atlanta Braves,1,3,0,Cristopher Sánchez,Chris Sale
2026-04-18,Colorado Rockies,Los Angeles Dodgers,4,3,1,Ryan Feltner,Emmet Sheehan
2026-04-18,Arizona Diamondbacks,Toronto Blue Jays,6,2,1,Zac Gallen,Max Scherzer
2026-04-18,Los Angeles Angels,San Diego Padres,1,4,0,Yusei Kikuchi,Germán Márquez
2026-04-19,Washington Nationals,San Francisco Giants,3,0,1,PJ Poulin,Robbie Ray
2026-04-19,Pittsburgh Pirates,Tampa Bay Rays,6,3,1,Mitch Keller,Shane McClanahan
2026-04-19,New York Yankees,Kansas City Royals,7,0,1,Ryan Weathers,Cole Ragans
2026-04-19,Cleveland Guardians,Baltimore Orioles,8,4,1,Joey Cantillo,Trevor Rogers
2026-04-19,Miami Marlins,Milwaukee Brewers,5,3,1,Eury Pérez,Jacob Misiorowski
2026-04-19,Houston Astros,St. Louis Cardinals,5,7,0,Mike Burrows,Matthew Liberatore
2026-04-19,Minnesota Twins,Cincinnati Reds,4,7,0,Bailey Ober,Brady Singer
2026-04-19,Chicago Cubs,New York Mets,2,1,1,Javier Assad,Tobias Myers
2026-04-19,Colorado Rockies,Los Angeles Dodgers,9,6,1,Michael Lorenzen,Roki Sasaki
2026-04-19,Athletics,Chicago White Sox,4,7,0,Jeffrey Springs,Noah Schultz
2026-04-19,Los Angeles Angels,San Diego Padres,1,2,0,Walbert Ureña,Michael King
2026-04-19,Seattle Mariners,Texas Rangers,5,2,1,Bryan Woo,MacKenzie Gore
2026-04-19,Arizona Diamondbacks,Toronto Blue Jays,4,10,0,Ryne Nelson,Kevin Gausman
2026-04-19,Boston Red Sox,Detroit Tigers,2,6,0,Garrett Crochet,Framber Valdez
2026-04-19,Philadelphia Phillies,Atlanta Braves,2,4,0,Andrew Painter,Grant Holmes
2026-04-20,Boston Red Sox,Detroit Tigers,8,6,1,Sonny Gray,Jack Flaherty
2026-04-20,Cleveland Guardians,Houston Astros,2,9,0,Slade Cecconi,Spencer Arrighetti
2026-04-20,Tampa Bay Rays,Cincinnati Reds,1,6,0,Jesse Scholtens,Rhett Lowder
2026-04-20,Miami Marlins,St. Louis Cardinals,5,3,1,Max Meyer,Michael McGreevy
2026-04-20,Washington Nationals,Atlanta Braves,4,9,0,Jake Irvin,Bryce Elder
2026-04-20,Kansas City Royals,Baltimore Orioles,5,7,0,Seth Lugo,Kyle Bradish
2026-04-20,Chicago Cubs,Philadelphia Phillies,5,1,1,Colin Rea,Aaron Nola
2026-04-20,Colorado Rockies,Los Angeles Dodgers,3,12,0,Jose Quintana,Justin Wrobleski
2026-04-20,Los Angeles Angels,Toronto Blue Jays,2,5,0,Reid Detmers,Dylan Cease
2026-04-20,Seattle Mariners,Athletics,4,6,0,Emerson Hancock,J.T. Ginn
2026-04-21,Cleveland Guardians,Houston Astros,8,5,1,Parker Messick,Ryan Weiss
2026-04-21,Tampa Bay Rays,Cincinnati Reds,6,12,0,Steven Matz,Chase Burns
2026-04-21,Miami Marlins,St. Louis Cardinals,3,5,0,Chris Paddack,Dustin May
2026-04-21,Detroit Tigers,Milwaukee Brewers,4,12,0,Keider Montero,Kyle Harrison
2026-04-21,Washington Nationals,Atlanta Braves,11,4,1,Foster Griffin,Reynaldo López
2026-04-21,Boston Red Sox,New York Yankees,0,4,0,Connelly Early,Luis Gil
2026-04-21,New York Mets,Minnesota Twins,3,5,0,Nolan McLean,Simeon Woods Richardson
2026-04-21,Kansas City Royals,Baltimore Orioles,6,5,1,Kris Bubic,Shane Baz
2026-04-21,Chicago Cubs,Philadelphia Phillies,7,4,1,Shota Imanaga,Jesús Luzardo
2026-04-21,Texas Rangers,Pittsburgh Pirates,5,1,1,Kumar Rocker,Carmen Mlodzinski
2026-04-21,Colorado Rockies,San Diego Padres,0,1,0,Jimmy Herget,Randy Vásquez
2026-04-21,Los Angeles Angels,Toronto Blue Jays,2,4,0,Jack Kochanowicz,Patrick Corbin
2026-04-21,Seattle Mariners,Athletics,2,5,0,Luis Castillo,Jacob Lopez
2026-04-21,Arizona Diamondbacks,Chicago White Sox,5,11,0,Merrill Kelly,Sean Burke
2026-04-21,San Francisco Giants,Los Angeles Dodgers,3,1,1,Landen Roupp,Yoshinobu Yamamoto
2026-04-22,Miami Marlins,St. Louis Cardinals,4,1,1,Janson Junk,Kyle Leahy
2026-04-22,Cleveland Guardians,Houston Astros,0,2,0,Tanner Bibee,Peter Lambert
2026-04-22,Tampa Bay Rays,Cincinnati Reds,6,1,1,Nick Martinez,Brandon Williamson
2026-04-22,Kansas City Royals,Baltimore Orioles,6,8,0,Michael Wacha,Chris Bassitt
2026-04-22,Los Angeles Angels,Toronto Blue Jays,7,3,1,José Soriano,Eric Lauer
2026-04-22,Seattle Mariners,Athletics,5,4,1,Logan Gilbert,Aaron Civale
2026-04-22,Detroit Tigers,Milwaukee Brewers,5,2,1,Casey Mize,DL Hall
2026-04-22,Washington Nationals,Atlanta Braves,6,8,0,Zack Littell,Didier Fuentes
2026-04-22,Boston Red Sox,New York Yankees,1,4,0,Ranger Suarez,Max Fried
2026-04-22,New York Mets,Minnesota Twins,3,2,1,Clay Holmes,Connor Prielipp
2026-04-22,Chicago Cubs,Philadelphia Phillies,7,2,1,Matthew Boyd,Kyle Backhus
2026-04-22,Texas Rangers,Pittsburgh Pirates,4,8,0,Jack Leiter,Braxton Ashcraft
2026-04-22,Colorado Rockies,San Diego Padres,8,3,1,Tomoyuki Sugano,Walker Buehler
2026-04-22,Arizona Diamondbacks,Chicago White Sox,11,7,1,Eduardo Rodriguez,Anthony Kay
2026-04-22,San Francisco Giants,Los Angeles Dodgers,3,0,1,Tyler Mahle,Shohei Ohtani
2026-04-23,Washington Nationals,Atlanta Braves,2,7,0,Cade Cavalli,JR Ritchie
2026-04-23,Detroit Tigers,Milwaukee Brewers,5,4,1,Tarik Skubal,Brandon Sproat
2026-04-23,Chicago Cubs,Philadelphia Phillies,8,7,1,Edward Cabrera,Cristopher Sánchez
2026-04-23,Colorado Rockies,San Diego Padres,8,10,0,Ryan Feltner,Matt Waldron
2026-04-23,Arizona Diamondbacks,Chicago White Sox,1,4,0,Michael Soroka,Davis Martin
2026-04-23,San Francisco Giants,Los Angeles Dodgers,0,3,0,Logan Webb,Tyler Glasnow
2026-04-23,Boston Red Sox,New York Yankees,2,4,0,Payton Tolle,Cam Schlittler
2026-04-23,New York Mets,Minnesota Twins,10,8,1,Christian Scott,Joe Ryan
2026-04-23,Texas Rangers,Pittsburgh Pirates,6,1,1,Jacob deGrom,Bubba Chandler
2026-04-24,Cincinnati Reds,Detroit Tigers,9,8,1,Andrew Abbott,Framber Valdez
2026-04-24,Baltimore Orioles,Boston Red Sox,10,3,1,Brandon Young,Brayan Bello
2026-04-24,Toronto Blue Jays,Cleveland Guardians,6,8,0,Max Scherzer,Gavin Williams
2026-04-24,New York Mets,Colorado Rockies,3,4,0,Freddy Peralta,Michael Lorenzen
2026-04-24,Tampa Bay Rays,Minnesota Twins,6,2,1,Drew Rasmussen,Taj Bradley
2026-04-24,Atlanta Braves,Philadelphia Phillies,5,3,1,Grant Holmes,Andrew Painter
2026-04-24,Kansas City Royals,Los Angeles Angels,6,3,1,Noah Cameron,Yusei Kikuchi
2026-04-24,Chicago White Sox,Washington Nationals,5,4,1,Bryan Hudson,PJ Poulin
2026-04-24,Milwaukee Brewers,Pittsburgh Pirates,0,6,0,Brandon Woodruff,Paul Skenes
2026-04-24,Texas Rangers,Athletics,1,8,0,Nathan Eovaldi,Luis Severino
2026-04-24,Houston Astros,New York Yankees,4,12,0,Lance McCullers Jr.,Will Warren
2026-04-24,St. Louis Cardinals,Seattle Mariners,2,3,0,Andre Pallante,George Kirby
2026-04-24,Los Angeles Dodgers,Chicago Cubs,4,6,0,Emmet Sheehan,Jameson Taillon
2026-04-24,San Francisco Giants,Miami Marlins,4,9,0,Adrian Houser,Sandy Alcantara
2026-04-25,Baltimore Orioles,Boston Red Sox,1,17,0,Trevor Rogers,Garrett Crochet
2026-04-25,St. Louis Cardinals,Seattle Mariners,9,11,0,Matthew Liberatore,Bryan Woo
2026-04-25,Toronto Blue Jays,Cleveland Guardians,5,3,1,Kevin Gausman,Joey Cantillo
2026-04-25,San Francisco Giants,Miami Marlins,6,2,1,Robbie Ray,Eury Pérez
2026-04-25,Tampa Bay Rays,Minnesota Twins,6,1,1,Shane McClanahan,Bailey Ober
2026-04-25,Chicago White Sox,Washington Nationals,3,6,0,Noah Schultz,Jake Irvin
2026-04-25,Arizona Diamondbacks,San Diego Padres,4,6,0,Zac Gallen,Germán Márquez
2026-04-25,Texas Rangers,Athletics,4,3,1,MacKenzie Gore,Jeffrey Springs
2026-04-25,Kansas City Royals,Los Angeles Angels,12,1,1,Cole Ragans,Walbert Ureña
2026-04-25,Houston Astros,New York Yankees,3,8,0,Mike Burrows,Ryan Weathers
2026-04-25,Milwaukee Brewers,Pittsburgh Pirates,3,6,0,Jacob Misiorowski,Mitch Keller
2026-04-25,Cincinnati Reds,Detroit Tigers,9,2,1,Brady Singer,Jack Flaherty
2026-04-25,Los Angeles Dodgers,Chicago Cubs,12,4,1,Roki Sasaki,Colin Rea
2026-04-25,Atlanta Braves,Philadelphia Phillies,5,8,0,Bryce Elder,Zack Wheeler
2026-04-26,Baltimore Orioles,Boston Red Sox,3,5,0,Kyle Bradish,Connelly Early
2026-04-26,Atlanta Braves,Philadelphia Phillies,6,2,1,Chris Sale,Aaron Nola
2026-04-26,Toronto Blue Jays,Cleveland Guardians,4,2,1,Patrick Corbin,Slade Cecconi
2026-04-26,Cincinnati Reds,Detroit Tigers,3,8,0,Rhett Lowder,Keider Montero
2026-04-26,New York Mets,Colorado Rockies,1,3,0,Nolan McLean,Jose Quintana
2026-04-26,New York Mets,Colorado Rockies,0,3,0,Kodai Senga,Chase Dollander
2026-04-26,Tampa Bay Rays,Minnesota Twins,4,2,1,Griffin Jax,Simeon Woods Richardson
2026-04-26,Chicago White Sox,Washington Nationals,1,2,0,Bryan Hudson,Foster Griffin
2026-04-26,Houston Astros,New York Yankees,7,4,1,Spencer Arrighetti,Luis Gil
2026-04-26,Milwaukee Brewers,Pittsburgh Pirates,5,0,1,Kyle Harrison,Carmen Mlodzinski
2026-04-26,St. Louis Cardinals,Seattle Mariners,2,3,0,Michael McGreevy,Emerson Hancock
2026-04-26,Texas Rangers,Athletics,1,2,0,Kumar Rocker,J.T. Ginn
2026-04-26,Arizona Diamondbacks,San Diego Padres,12,7,1,Ryne Nelson,Michael King
2026-04-26,San Francisco Giants,Miami Marlins,6,3,1,Landen Roupp,Max Meyer
2026-04-26,Kansas City Royals,Los Angeles Angels,11,9,1,Seth Lugo,Reid Detmers
2026-04-26,Los Angeles Dodgers,Chicago Cubs,6,0,1,Justin Wrobleski,Shota Imanaga
2026-04-27,Cleveland Guardians,Tampa Bay Rays,2,3,0,Parker Messick,Steven Matz
2026-04-27,Pittsburgh Pirates,St. Louis Cardinals,2,4,0,Mason Montgomery,Dustin May
2026-04-27,Toronto Blue Jays,Boston Red Sox,0,5,0,Dylan Cease,Ranger Suarez
2026-04-27,Minnesota Twins,Seattle Mariners,11,4,1,Connor Prielipp,Luis Castillo
2026-04-27,Chicago White Sox,Los Angeles Angels,8,7,1,Anthony Kay,Jack Kochanowicz
2026-04-27,Texas Rangers,New York Yankees,2,4,0,Jack Leiter,Max Fried
2026-04-27,San Diego Padres,Chicago Cubs,9,7,1,Randy Vásquez,Matthew Boyd
2026-04-27,Los Angeles Dodgers,Miami Marlins,5,4,1,Yoshinobu Yamamoto,Chris Paddack
2026-04-28,Cleveland Guardians,Tampa Bay Rays,0,1,0,Tanner Bibee,Nick Martinez
2026-04-28,Baltimore Orioles,Houston Astros,5,3,1,Shane Baz,Kai-Wei Teng
2026-04-28,Cincinnati Reds,Colorado Rockies,7,2,1,Chase Burns,Kyle Freeland
2026-04-28,Pittsburgh Pirates,St. Louis Cardinals,7,11,0,Braxton Ashcraft,Kyle Leahy
2026-04-28,Philadelphia Phillies,San Francisco Giants,7,0,1,Jesús Luzardo,Tyler Mahle
2026-04-28,Toronto Blue Jays,Boston Red Sox,3,0,1,Trey Yesavage,Payton Tolle
2026-04-28,New York Mets,Washington Nationals,8,0,1,Clay Holmes,Zack Littell
2026-04-28,Atlanta Braves,Detroit Tigers,5,2,1,Martín Pérez,Casey Mize
2026-04-28,Minnesota Twins,Seattle Mariners,1,7,0,Joe Ryan,Logan Gilbert
2026-04-28,Chicago White Sox,Los Angeles Angels,5,2,1,Davis Martin,José Soriano
2026-04-28,Milwaukee Brewers,Arizona Diamondbacks,13,2,1,Chad Patrick,Merrill Kelly
2026-04-28,Texas Rangers,New York Yankees,2,3,0,Jacob deGrom,Cam Schlittler
2026-04-28,Athletics,Kansas City Royals,1,4,0,Aaron Civale,Kris Bubic
2026-04-28,San Diego Padres,Chicago Cubs,3,8,0,Walker Buehler,Edward Cabrera
2026-04-28,Los Angeles Dodgers,Miami Marlins,1,2,0,Shohei Ohtani,Janson Junk
2026-04-29,Cleveland Guardians,Tampa Bay Rays,3,1,1,Gavin Williams,Drew Rasmussen
2026-04-29,Chicago White Sox,Los Angeles Angels,3,2,1,Erick Fedde,Yusei Kikuchi
2026-04-29,Minnesota Twins,Seattle Mariners,3,5,0,Taj Bradley,George Kirby
2026-04-29,Texas Rangers,New York Yankees,3,0,1,Nathan Eovaldi,Elmer Rodríguez
2026-04-29,Toronto Blue Jays,Boston Red Sox,8,1,1,Eric Lauer,Brayan Bello
2026-04-29,Los Angeles Dodgers,Miami Marlins,2,3,0,Tyler Glasnow,Sandy Alcantara
2026-04-29,San Diego Padres,Chicago Cubs,4,5,0,Matt Waldron,Jameson Taillon
2026-04-29,Cincinnati Reds,Colorado Rockies,2,13,0,Brandon Williamson,Tomoyuki Sugano
2026-04-29,Pittsburgh Pirates,St. Louis Cardinals,4,5,0,Bubba Chandler,Andre Pallante
2026-04-29,New York Mets,Washington Nationals,2,14,0,David Peterson,Cade Cavalli
2026-04-29,Atlanta Braves,Detroit Tigers,4,3,1,JR Ritchie,Tarik Skubal
2026-04-29,Milwaukee Brewers,Arizona Diamondbacks,2,6,0,Brandon Sproat,Eduardo Rodriguez
2026-04-29,Athletics,Kansas City Royals,5,2,1,Luis Severino,Michael Wacha
2026-04-30,Atlanta Braves,Detroit Tigers,2,5,0,Bryce Elder,Framber Valdez
2026-04-30,Baltimore Orioles,Houston Astros,10,3,1,Chris Bassitt,Peter Lambert
2026-04-30,Baltimore Orioles,Houston Astros,5,11,0,Brandon Young,Lance McCullers Jr.
2026-04-30,Pittsburgh Pirates,St. Louis Cardinals,5,10,0,Paul Skenes,Hunter Dobbins
2026-04-30,Philadelphia Phillies,San Francisco Giants,3,2,1,Cristopher Sánchez,Logan Webb
2026-04-30,Philadelphia Phillies,San Francisco Giants,6,5,1,Tim Mayza,Adrian Houser
2026-04-30,Cincinnati Reds,Colorado Rockies,6,4,1,Andrew Abbott,Michael Lorenzen
2026-04-30,New York Mets,Washington Nationals,4,5,0,Freddy Peralta,Miles Mikolas
2026-04-30,Milwaukee Brewers,Arizona Diamondbacks,13,1,1,Brandon Woodruff,Michael Soroka
2026-04-30,Athletics,Kansas City Royals,6,3,1,Jeffrey Springs,Noah Cameron
2026-04-30,Minnesota Twins,Toronto Blue Jays,7,1,1,Bailey Ober,Kevin Gausman
2026-05-01,Chicago Cubs,Arizona Diamondbacks,6,5,1,Colin Rea,Zac Gallen
2026-05-01,Detroit Tigers,Texas Rangers,4,5,0,Jack Flaherty,MacKenzie Gore
2026-05-01,Pittsburgh Pirates,Cincinnati Reds,9,1,1,Mitch Keller,Brady Singer
2026-05-01,Washington Nationals,Milwaukee Brewers,1,6,0,Jake Irvin,Jacob Misiorowski
2026-05-01,New York Yankees,Baltimore Orioles,7,2,1,Will Warren,Cade Povich
2026-05-01,Boston Red Sox,Houston Astros,3,1,1,Jake Bennett,Mike Burrows
2026-05-01,Tampa Bay Rays,San Francisco Giants,3,0,1,Shane McClanahan,Robbie Ray
2026-05-01,Miami Marlins,Philadelphia Phillies,5,6,0,Eury Pérez,Zack Wheeler
2026-05-01,Minnesota Twins,Toronto Blue Jays,3,7,0,Simeon Woods Richardson,Patrick Corbin
2026-05-01,St. Louis Cardinals,Los Angeles Dodgers,7,2,1,Matthew Liberatore,Emmet Sheehan
2026-05-01,Colorado Rockies,Atlanta Braves,6,8,0,Jose Quintana,Grant Holmes
2026-05-01,Los Angeles Angels,New York Mets,3,4,0,Walbert Ureña,Christian Scott
2026-05-01,Athletics,Cleveland Guardians,5,8,0,J.T. Ginn,Joey Cantillo
2026-05-01,San Diego Padres,Chicago White Sox,2,8,0,Germán Márquez,Noah Schultz
2026-05-01,Seattle Mariners,Kansas City Royals,6,7,0,Bryan Woo,Cole Ragans
2026-05-02,New York Yankees,Baltimore Orioles,9,4,1,Ryan Weathers,Kyle Bradish
2026-05-02,Minnesota Twins,Toronto Blue Jays,4,11,0,Connor Prielipp,Dylan Cease
2026-05-02,Chicago Cubs,Arizona Diamondbacks,2,0,1,Shota Imanaga,Ryne Nelson
2026-05-02,Athletics,Cleveland Guardians,6,14,0,Jacob Lopez,Slade Cecconi
2026-05-02,Pittsburgh Pirates,Cincinnati Reds,17,7,1,Carmen Mlodzinski,Rhett Lowder
2026-05-02,Washington Nationals,Milwaukee Brewers,1,4,0,Foster Griffin,Kyle Harrison
2026-05-02,Boston Red Sox,Houston Astros,3,6,0,Connelly Early,Spencer Arrighetti
2026-05-02,Miami Marlins,Philadelphia Phillies,4,0,1,Max Meyer,Andrew Painter
2026-05-02,Tampa Bay Rays,San Francisco Giants,5,1,1,Griffin Jax,Landen Roupp
2026-05-02,St. Louis Cardinals,Los Angeles Dodgers,3,2,1,Michael McGreevy,Roki Sasaki
2026-05-02,Detroit Tigers,Texas Rangers,5,1,1,Keider Montero,Kumar Rocker
2026-05-02,Colorado Rockies,Atlanta Braves,1,9,0,Brennan Bernardino,Chris Sale
2026-05-02,San Diego Padres,Chicago White Sox,0,4,0,Michael King,Sean Burke
2026-05-02,Los Angeles Angels,New York Mets,4,3,1,Reid Detmers,Nolan McLean
2026-05-02,Seattle Mariners,Kansas City Royals,2,3,0,Emerson Hancock,Seth Lugo
2026-05-03,Minnesota Twins,Toronto Blue Jays,4,3,1,Joe Ryan,Trey Yesavage
2026-05-03,Boston Red Sox,Houston Astros,1,3,0,Ranger Suarez,Cody Bolton
2026-05-03,Pittsburgh Pirates,Cincinnati Reds,1,0,1,Braxton Ashcraft,Chase Burns
2026-05-03,New York Yankees,Baltimore Orioles,11,3,1,Max Fried,Trey Gibson
2026-05-03,Washington Nationals,Milwaukee Brewers,3,2,1,PJ Poulin,Logan Henderson
2026-05-03,Tampa Bay Rays,San Francisco Giants,2,1,1,Steven Matz,Tyler Mahle
2026-05-03,Miami Marlins,Philadelphia Phillies,2,7,0,Chris Paddack,Jesús Luzardo
2026-05-03,St. Louis Cardinals,Los Angeles Dodgers,1,4,0,Dustin May,Justin Wrobleski
2026-05-03,Chicago Cubs,Arizona Diamondbacks,8,4,1,Matthew Boyd,Merrill Kelly
2026-05-03,Colorado Rockies,Atlanta Braves,6,11,0,Kyle Freeland,Spencer Strider
2026-05-03,Athletics,Cleveland Guardians,7,1,1,Aaron Civale,Parker Messick
2026-05-03,Los Angeles Angels,New York Mets,1,5,0,Jack Kochanowicz,Clay Holmes
2026-05-03,Seattle Mariners,Kansas City Royals,1,4,0,Luis Castillo,Kris Bubic
2026-05-03,San Diego Padres,Chicago White Sox,4,3,1,Griffin Canning,Anthony Kay
2026-05-03,Detroit Tigers,Texas Rangers,7,1,1,Tyler Holton,Jack Leiter
2026-05-04,Colorado Rockies,New York Mets,2,4,0,Tomoyuki Sugano,Huascar Brazobán
2026-05-04,Detroit Tigers,Boston Red Sox,4,5,0,Tyler Holton,Payton Tolle
2026-05-04,Tampa Bay Rays,Toronto Blue Jays,5,1,1,Nick Martinez,Eric Lauer
2026-05-04,Miami Marlins,Philadelphia Phillies,0,1,0,Janson Junk,Aaron Nola
2026-05-04,New York Yankees,Baltimore Orioles,12,1,1,Cam Schlittler,Shane Baz
2026-05-04,Chicago Cubs,Cincinnati Reds,5,4,1,Edward Cabrera,Chase Petty
2026-05-04,Kansas City Royals,Cleveland Guardians,6,2,1,Michael Wacha,Tanner Bibee
2026-05-04,St. Louis Cardinals,Milwaukee Brewers,6,3,1,Kyle Leahy,Chad Patrick
2026-05-04,Houston Astros,Los Angeles Dodgers,3,8,0,Steven Okert,Yoshinobu Yamamoto
2026-05-04,Los Angeles Angels,Chicago White Sox,0,6,0,José Soriano,Davis Martin
2026-05-04,Seattle Mariners,Atlanta Braves,5,4,1,Logan Gilbert,JR Ritchie
2026-05-04,San Francisco Giants,San Diego Padres,3,2,1,Trevor McDonald,Randy Vásquez
2026-05-05,Detroit Tigers,Boston Red Sox,3,10,0,Framber Valdez,Jovani Morán
2026-05-05,Tampa Bay Rays,Toronto Blue Jays,4,3,1,Drew Rasmussen,Kevin Gausman
2026-05-05,Philadelphia Phillies,Athletics,9,1,1,Cristopher Sánchez,Luis Severino
2026-05-05,Miami Marlins,Baltimore Orioles,7,9,0,Sandy Alcantara,Chris Bassitt
2026-05-05,Washington Nationals,Minnesota Twins,3,11,0,Cade Cavalli,Taj Bradley
2026-05-05,New York Yankees,Texas Rangers,7,4,1,Elmer Rodríguez,Jacob deGrom
2026-05-05,Chicago Cubs,Cincinnati Reds,3,2,1,Jameson Taillon,Andrew Abbott
2026-05-05,Kansas City Royals,Cleveland Guardians,5,3,1,Stephen Kolek,Gavin Williams
2026-05-05,Houston Astros,Los Angeles Dodgers,2,1,1,Peter Lambert,Shohei Ohtani
2026-05-05,Los Angeles Angels,Chicago White Sox,4,3,1,Sam Aldegheri,Erick Fedde
2026-05-05,Arizona Diamondbacks,Pittsburgh Pirates,9,0,1,Eduardo Rodriguez,Bubba Chandler
2026-05-05,Seattle Mariners,Atlanta Braves,2,3,0,George Kirby,Bryce Elder
2026-05-05,San Francisco Giants,San Diego Padres,5,10,0,Logan Webb,Walker Buehler
2026-05-06,Tampa Bay Rays,Toronto Blue Jays,3,0,1,Shane McClanahan,Patrick Corbin
2026-05-06,St. Louis Cardinals,Milwaukee Brewers,2,6,0,Andre Pallante,Brandon Sproat
2026-05-06,Houston Astros,Los Angeles Dodgers,2,12,0,Lance McCullers Jr.,Tyler Glasnow
2026-05-06,San Francisco Giants,San Diego Padres,1,5,0,Adrian Houser,Bradgley Rodriguez
2026-05-06,Los Angeles Angels,Chicago White Sox,8,2,1,Walbert Ureña,Noah Schultz
2026-05-06,Seattle Mariners,Atlanta Braves,3,1,1,Bryan Woo,Martín Pérez
2026-05-06,Detroit Tigers,Boston Red Sox,0,4,0,Jack Flaherty,Sonny Gray
2026-05-06,Philadelphia Phillies,Athletics,6,3,1,Zack Wheeler,Jeffrey Springs
2026-05-06,Miami Marlins,Baltimore Orioles,4,7,0,Eury Pérez,Brandon Young
2026-05-06,Washington Nationals,Minnesota Twins,15,2,1,Miles Mikolas,Bailey Ober
2026-05-06,New York Yankees,Texas Rangers,1,6,0,Will Warren,Nathan Eovaldi
2026-05-06,Chicago Cubs,Cincinnati Reds,7,6,1,Colin Rea,Brady Singer
2026-05-06,Kansas City Royals,Cleveland Guardians,1,3,0,Cole Ragans,Joey Cantillo
2026-05-06,Colorado Rockies,New York Mets,5,10,0,Michael Lorenzen,Freddy Peralta
2026-05-06,Arizona Diamondbacks,Pittsburgh Pirates,0,1,0,Michael Soroka,Paul Skenes
2026-05-07,New York Yankees,Texas Rangers,9,2,1,Paul Blackburn,MacKenzie Gore
2026-05-07,Washington Nationals,Minnesota Twins,7,5,1,Jake Irvin,Simeon Woods Richardson
2026-05-07,Kansas City Royals,Cleveland Guardians,5,8,0,Seth Lugo,Slade Cecconi
2026-05-07,Chicago Cubs,Cincinnati Reds,8,3,1,Shota Imanaga,Rhett Lowder
2026-05-07,Colorado Rockies,New York Mets,6,2,1,Jose Quintana,Christian Scott
2026-05-07,Arizona Diamondbacks,Pittsburgh Pirates,2,4,0,Zac Gallen,Mitch Keller
2026-05-07,Philadelphia Phillies,Athletics,1,12,0,Andrew Painter,J.T. Ginn
2026-05-07,Miami Marlins,Baltimore Orioles,4,3,1,Max Meyer,Cade Povich
2026-05-07,Boston Red Sox,Tampa Bay Rays,4,8,0,Jake Bennett,Griffin Jax
2026-05-07,San Diego Padres,St. Louis Cardinals,1,2,0,Michael King,Matthew Liberatore
2026-05-08,Cincinnati Reds,Houston Astros,0,10,0,Nick Lodolo,Mike Burrows
2026-05-08,Philadelphia Phillies,Colorado Rockies,7,9,0,Jesús Luzardo,Chase Dollander
2026-05-08,Baltimore Orioles,Athletics,3,4,0,Kyle Bradish,Jacob Lopez
2026-05-08,Toronto Blue Jays,Los Angeles Angels,2,0,1,Dylan Cease,Reid Detmers
2026-05-08,Boston Red Sox,Tampa Bay Rays,2,0,1,Connelly Early,Jesse Scholtens
2026-05-08,Miami Marlins,Washington Nationals,2,3,0,Robby Snelling,Foster Griffin
2026-05-08,Cleveland Guardians,Minnesota Twins,6,4,1,Parker Messick,Connor Prielipp
2026-05-08,Kansas City Royals,Detroit Tigers,4,3,1,Kris Bubic,Keider Montero
2026-05-08,Chicago White Sox,Seattle Mariners,8,12,0,Sean Burke,Emerson Hancock
2026-05-08,Milwaukee Brewers,New York Yankees,6,0,1,Jacob Misiorowski,Max Fried
2026-05-08,Texas Rangers,Chicago Cubs,1,7,0,Kumar Rocker,Ben Brown
2026-05-08,Arizona Diamondbacks,New York Mets,1,3,0,Ryne Nelson,Nolan McLean
2026-05-08,San Diego Padres,St. Louis Cardinals,0,6,0,Griffin Canning,Michael McGreevy
2026-05-08,Los Angeles Dodgers,Atlanta Braves,3,1,1,Emmet Sheehan,Chris Sale
2026-05-08,San Francisco Giants,Pittsburgh Pirates,5,2,1,Robbie Ray,Carmen Mlodzinski
2026-05-09,Toronto Blue Jays,Los Angeles Angels,14,1,1,Trey Yesavage,Jack Kochanowicz
2026-05-09,Baltimore Orioles,Athletics,2,6,0,Shane Baz,Aaron Civale
2026-05-09,Cincinnati Reds,Houston Astros,3,1,1,Chase Burns,Spencer Arrighetti
2026-05-09,Miami Marlins,Washington Nationals,8,7,1,Janson Junk,Richard Lovelady
2026-05-09,Philadelphia Phillies,Colorado Rockies,9,3,1,Aaron Nola,Kyle Freeland
2026-05-09,Cleveland Guardians,Minnesota Twins,1,2,0,Tanner Bibee,Joe Ryan
2026-05-09,Texas Rangers,Chicago Cubs,6,0,1,Jack Leiter,Edward Cabrera
2026-05-09,Kansas City Royals,Detroit Tigers,5,1,1,Michael Wacha,Burch Smith
2026-05-09,Chicago White Sox,Seattle Mariners,6,1,1,Anthony Kay,Luis Castillo
2026-05-09,Milwaukee Brewers,New York Yankees,4,3,1,Kyle Harrison,Cam Schlittler
2026-05-09,Arizona Diamondbacks,New York Mets,2,1,1,Merrill Kelly,Clay Holmes
2026-05-09,San Diego Padres,St. Louis Cardinals,4,2,1,Randy Vásquez,Dustin May
2026-05-09,San Francisco Giants,Pittsburgh Pirates,3,13,0,Landen Roupp,Braxton Ashcraft
2026-05-09,Los Angeles Dodgers,Atlanta Braves,2,7,0,Blake Snell,Spencer Strider
2026-05-10,Miami Marlins,Washington Nationals,5,2,1,Sandy Alcantara,Cade Cavalli
2026-05-10,Baltimore Orioles,Athletics,2,1,1,Keegan Akin,Luis Severino
2026-05-10,Boston Red Sox,Tampa Bay Rays,1,4,0,Payton Tolle,Nick Martinez
2026-05-10,Philadelphia Phillies,Colorado Rockies,6,0,1,Cristopher Sánchez,Tomoyuki Sugano
2026-05-10,Toronto Blue Jays,Los Angeles Angels,1,6,0,Spencer Miles,José Soriano
2026-05-10,Cincinnati Reds,Houston Astros,5,0,1,Andrew Abbott,Kai-Wei Teng
2026-05-10,Cleveland Guardians,Minnesota Twins,4,5,0,Gavin Williams,Andrew Morris
2026-05-10,Chicago White Sox,Seattle Mariners,2,1,1,Davis Martin,Logan Gilbert
2026-05-10,Milwaukee Brewers,New York Yankees,4,3,1,Logan Henderson,Carlos Rodón
2026-05-10,Texas Rangers,Chicago Cubs,3,0,1,Jacob deGrom,Jameson Taillon
2026-05-10,San Francisco Giants,Pittsburgh Pirates,7,6,1,Tyler Mahle,Bubba Chandler
2026-05-10,Arizona Diamondbacks,New York Mets,5,1,1,Eduardo Rodriguez,Huascar Brazobán
2026-05-10,San Diego Padres,St. Louis Cardinals,3,2,1,Walker Buehler,Kyle Leahy
2026-05-10,Los Angeles Dodgers,Atlanta Braves,2,7,0,Justin Wrobleski,Bryce Elder
2026-05-10,Kansas City Royals,Detroit Tigers,3,6,0,Noah Cameron,Brenan Hanifee
2026-05-11,Cleveland Guardians,Los Angeles Angels,7,2,1,Joey Cantillo,Brent Suter
2026-05-11,Baltimore Orioles,New York Yankees,3,2,1,Brandon Young,Ryan Weathers
2026-05-11,Toronto Blue Jays,Tampa Bay Rays,5,8,0,Kevin Gausman,Drew Rasmussen
2026-05-11,Texas Rangers,Arizona Diamondbacks,0,1,0,Jakob Junis,Michael Soroka
2026-05-11,Houston Astros,Seattle Mariners,1,3,0,Peter Lambert,George Kirby
2026-05-11,Los Angeles Dodgers,San Francisco Giants,3,9,0,Roki Sasaki,Trevor McDonald
2026-05-12,Cleveland Guardians,Los Angeles Angels,3,2,1,Slade Cecconi,Walbert Ureña
2026-05-12,Baltimore Orioles,New York Yankees,2,6,0,Trevor Rogers,Will Warren
2026-05-12,Cincinnati Reds,Washington Nationals,4,10,0,Brady Singer,Miles Mikolas
2026-05-12,Pittsburgh Pirates,Colorado Rockies,3,1,1,Paul Skenes,Michael Lorenzen
2026-05-12,Boston Red Sox,Philadelphia Phillies,1,2,0,Jovani Morán,Zack Wheeler
2026-05-12,Toronto Blue Jays,Tampa Bay Rays,6,7,0,Patrick Corbin,Shane McClanahan
2026-05-12,New York Mets,Detroit Tigers,10,2,1,Freddy Peralta,Jack Flaherty
2026-05-12,Atlanta Braves,Chicago Cubs,5,2,1,Grant Holmes,Colin Rea
2026-05-12,Chicago White Sox,Kansas City Royals,6,5,1,Erick Fedde,Stephen Kolek
2026-05-12,Minnesota Twins,Miami Marlins,3,0,1,Bailey Ober,Eury Pérez
2026-05-12,Milwaukee Brewers,San Diego Padres,6,4,1,Brandon Sproat,Bradgley Rodriguez
2026-05-12,Texas Rangers,Arizona Diamondbacks,7,4,1,MacKenzie Gore,Zac Gallen
2026-05-12,Houston Astros,Seattle Mariners,2,10,0,Tatsuya Imai,Bryan Woo
2026-05-12,Athletics,St. Louis Cardinals,4,6,0,Jeffrey Springs,Andre Pallante
2026-05-12,Los Angeles Dodgers,San Francisco Giants,2,6,0,Yoshinobu Yamamoto,Adrian Houser
2026-05-13,Baltimore Orioles,New York Yankees,7,0,1,Kyle Bradish,Max Fried
2026-05-13,Cleveland Guardians,Los Angeles Angels,4,2,1,Parker Messick,Reid Detmers
2026-05-13,Cincinnati Reds,Washington Nationals,7,8,0,Nick Lodolo,Jake Irvin
2026-05-13,Pittsburgh Pirates,Colorado Rockies,4,10,0,Mitch Keller,Jose Quintana
2026-05-13,Boston Red Sox,Philadelphia Phillies,3,1,1,Sonny Gray,Andrew Painter
2026-05-13,Toronto Blue Jays,Tampa Bay Rays,5,3,1,Dylan Cease,Griffin Jax
2026-05-13,New York Mets,Detroit Tigers,3,2,1,Christian Scott,Framber Valdez
2026-05-13,Atlanta Braves,Chicago Cubs,4,1,1,JR Ritchie,Shota Imanaga
2026-05-13,Chicago White Sox,Kansas City Royals,6,5,1,Noah Schultz,Seth Lugo
2026-05-13,Minnesota Twins,Miami Marlins,5,9,0,Simeon Woods Richardson,Max Meyer
2026-05-13,Milwaukee Brewers,San Diego Padres,1,3,0,Jacob Misiorowski,Michael King
2026-05-13,Texas Rangers,Arizona Diamondbacks,6,5,1,Kumar Rocker,Ryne Nelson
2026-05-13,Houston Astros,Seattle Mariners,4,3,1,Lance McCullers Jr.,Bryce Miller
2026-05-13,Athletics,St. Louis Cardinals,6,2,1,J.T. Ginn,Matthew Liberatore
2026-05-13,Los Angeles Dodgers,San Francisco Giants,4,0,1,Shohei Ohtani,Robbie Ray
2026-05-14,Pittsburgh Pirates,Colorado Rockies,7,2,1,Mason Montgomery,Chase Dollander
2026-05-14,Cincinnati Reds,Washington Nationals,15,1,1,Chase Burns,Foster Griffin
2026-05-14,New York Mets,Detroit Tigers,9,4,1,Nolan McLean,Keider Montero
2026-05-14,Minnesota Twins,Miami Marlins,9,1,1,Zebby Matthews,Braxton Garrett
2026-05-14,Milwaukee Brewers,San Diego Padres,7,1,1,Kyle Harrison,Griffin Canning
2026-05-14,Houston Astros,Seattle Mariners,3,8,0,Mike Burrows,Luis Castillo
2026-05-14,Athletics,St. Louis Cardinals,4,5,0,Jacob Lopez,Michael McGreevy
2026-05-14,Boston Red Sox,Philadelphia Phillies,1,3,0,Ranger Suarez,Jesús Luzardo
2026-05-14,Atlanta Braves,Chicago Cubs,0,2,0,Chris Sale,Ben Brown
2026-05-14,Chicago White Sox,Kansas City Royals,6,2,1,Anthony Kay,Kris Bubic
2026-05-14,Los Angeles Dodgers,San Francisco Giants,5,2,1,Emmet Sheehan,Landen Roupp
2026-05-15,Pittsburgh Pirates,Philadelphia Phillies,9,11,0,Braxton Ashcraft,Aaron Nola
2026-05-15,Washington Nationals,Baltimore Orioles,3,2,1,Zack Littell,Shane Baz
2026-05-15,Detroit Tigers,Toronto Blue Jays,3,2,1,Brenan Hanifee,Trey Yesavage
2026-05-15,Cleveland Guardians,Cincinnati Reds,6,7,0,Tanner Bibee,Andrew Abbott
2026-05-15,Tampa Bay Rays,Miami Marlins,7,2,1,Ian Seymour,Janson Junk
2026-05-15,Minnesota Twins,Milwaukee Brewers,2,3,0,Joe Ryan,Coleman Crow
2026-05-15,Atlanta Braves,Boston Red Sox,3,2,1,Spencer Strider,Connelly Early
2026-05-15,New York Mets,New York Yankees,2,5,0,Clay Holmes,Cam Schlittler
2026-05-15,Chicago White Sox,Chicago Cubs,5,10,0,Sean Burke,Edward Cabrera
2026-05-15,Houston Astros,Texas Rangers,2,0,1,Spencer Arrighetti,Jack Leiter
2026-05-15,St. Louis Cardinals,Kansas City Royals,5,4,1,Dustin May,Michael Wacha
2026-05-15,Colorado Rockies,Arizona Diamondbacks,1,9,0,Kyle Freeland,Merrill Kelly
2026-05-15,Los Angeles Angels,Los Angeles Dodgers,0,6,0,Jack Kochanowicz,Will Klein
2026-05-15,Seattle Mariners,San Diego Padres,0,2,0,Emerson Hancock,Randy Vásquez
2026-05-15,Athletics,San Francisco Giants,5,2,1,Aaron Civale,Tyler Mahle
2026-05-16,Detroit Tigers,Toronto Blue Jays,1,2,0,Casey Mize,Mason Fluharty
2026-05-16,St. Louis Cardinals,Kansas City Royals,4,2,1,Kyle Leahy,Noah Cameron
2026-05-16,Colorado Rockies,Arizona Diamondbacks,4,2,1,Tomoyuki Sugano,Eduardo Rodriguez
2026-05-16,Washington Nationals,Baltimore Orioles,13,3,1,Cade Cavalli,Chris Bassitt
2026-05-16,Pittsburgh Pirates,Philadelphia Phillies,0,6,0,Bubba Chandler,Cristopher Sánchez
2026-05-16,Tampa Bay Rays,Miami Marlins,5,10,0,Nick Martinez,Sandy Alcantara
2026-05-16,Cleveland Guardians,Cincinnati Reds,7,4,1,Joey Cantillo,Chris Paddack
2026-05-16,Houston Astros,Texas Rangers,4,1,1,Kai-Wei Teng,Jacob deGrom
2026-05-16,Chicago White Sox,Chicago Cubs,8,3,1,Davis Martin,Jameson Taillon
2026-05-16,Minnesota Twins,Milwaukee Brewers,1,2,0,Connor Prielipp,Logan Henderson
2026-05-16,Seattle Mariners,San Diego Padres,4,7,0,Logan Gilbert,Walker Buehler
2026-05-16,Atlanta Braves,Boston Red Sox,2,3,0,Bryce Elder,Payton Tolle
2026-05-16,New York Mets,New York Yankees,6,3,1,Huascar Brazobán,Carlos Rodón
2026-05-16,Los Angeles Angels,Los Angeles Dodgers,2,15,0,José Soriano,Justin Wrobleski
2026-05-16,Athletics,San Francisco Giants,4,6,0,Luis Severino,Trevor McDonald
2026-05-17,Tampa Bay Rays,Miami Marlins,6,3,1,Drew Rasmussen,Eury Pérez
2026-05-17,Washington Nationals,Baltimore Orioles,3,7,0,Richard Lovelady,Brandon Young
2026-05-17,Pittsburgh Pirates,Philadelphia Phillies,0,6,0,Paul Skenes,Zack Wheeler
2026-05-17,Atlanta Braves,Boston Red Sox,8,1,1,Grant Holmes,Brayan Bello
2026-05-17,Cleveland Guardians,Cincinnati Reds,10,3,1,Gavin Williams,Brady Singer
2026-05-17,Detroit Tigers,Toronto Blue Jays,1,4,0,Jack Flaherty,Kevin Gausman
2026-05-17,New York Mets,New York Yankees,7,6,1,Freddy Peralta,Elmer Rodríguez
2026-05-17,Houston Astros,Texas Rangers,0,8,0,Peter Lambert,Nathan Eovaldi
2026-05-17,Chicago White Sox,Chicago Cubs,9,8,1,Erick Fedde,Colin Rea
2026-05-17,Minnesota Twins,Milwaukee Brewers,5,4,1,Bailey Ober,Robert Gasser
2026-05-17,St. Louis Cardinals,Kansas City Royals,0,2,0,Andre Pallante,Stephen Kolek
2026-05-17,Colorado Rockies,Arizona Diamondbacks,6,8,0,Michael Lorenzen,Michael Soroka
2026-05-17,Athletics,San Francisco Giants,1,10,0,Jeffrey Springs,Adrian Houser
2026-05-17,Los Angeles Angels,Los Angeles Dodgers,1,10,0,Grayson Rodriguez,Roki Sasaki
2026-05-17,Seattle Mariners,San Diego Padres,3,8,0,George Kirby,Lucas Giolito
2026-05-18,Detroit Tigers,Cleveland Guardians,2,8,0,Framber Valdez,Slade Cecconi
2026-05-18,Tampa Bay Rays,Baltimore Orioles,16,6,1,Shane McClanahan,Trevor Rogers
2026-05-18,Philadelphia Phillies,Cincinnati Reds,5,4,1,Andrew Painter,Nick Lodolo
2026-05-18,Miami Marlins,Atlanta Braves,12,0,1,Max Meyer,JR Ritchie
2026-05-18,Washington Nationals,New York Mets,7,16,0,Jake Irvin,Christian Scott
2026-05-18,New York Yankees,Toronto Blue Jays,7,6,1,Ryan Weathers,Patrick Corbin
2026-05-18,Kansas City Royals,Boston Red Sox,1,3,0,Seth Lugo,Sonny Gray
2026-05-18,Minnesota Twins,Houston Astros,6,3,1,Kendry Rojas,Tatsuya Imai
2026-05-18,Chicago Cubs,Milwaukee Brewers,3,9,0,Shota Imanaga,Brandon Sproat
2026-05-18,Colorado Rockies,Texas Rangers,7,6,1,Jose Quintana,MacKenzie Gore
2026-05-18,Los Angeles Angels,Athletics,2,1,1,Walbert Ureña,J.T. Ginn
2026-05-18,San Diego Padres,Los Angeles Dodgers,1,0,1,Michael King,Yoshinobu Yamamoto
2026-05-18,Arizona Diamondbacks,San Francisco Giants,12,2,1,Zac Gallen,Robbie Ray
2026-05-18,Seattle Mariners,Chicago White Sox,6,1,1,Bryan Woo,Noah Schultz
2026-05-19,Miami Marlins,Atlanta Braves,4,8,0,Braxton Garrett,Martín Pérez
2026-05-19,Detroit Tigers,Cleveland Guardians,3,4,0,Keider Montero,Parker Messick
2026-05-19,Tampa Bay Rays,Baltimore Orioles,4,1,1,Griffin Jax,Kyle Bradish
2026-05-19,Philadelphia Phillies,Cincinnati Reds,1,4,0,Jesús Luzardo,Chase Burns
2026-05-19,Washington Nationals,New York Mets,9,6,1,Foster Griffin,Nolan McLean
2026-05-19,New York Yankees,Toronto Blue Jays,5,4,1,Will Warren,Dylan Cease
2026-05-19,Kansas City Royals,Boston Red Sox,1,7,0,Bailey Falter,Ranger Suarez
2026-05-19,Minnesota Twins,Houston Astros,1,2,0,Zebby Matthews,Jason Alexander
2026-05-19,Chicago Cubs,Milwaukee Brewers,2,5,0,Ben Brown,Jacob Misiorowski
2026-05-19,St. Louis Cardinals,Pittsburgh Pirates,9,6,1,Matthew Liberatore,Mitch Keller
2026-05-19,Colorado Rockies,Texas Rangers,0,10,0,Sammy Peralta,Tyler Alexander
2026-05-19,Los Angeles Angels,Athletics,6,14,0,Reid Detmers,Jacob Lopez
2026-05-19,San Diego Padres,Los Angeles Dodgers,4,5,0,Griffin Canning,Emmet Sheehan
2026-05-19,Arizona Diamondbacks,San Francisco Giants,5,3,1,Ryne Nelson,Landen Roupp
2026-05-19,Seattle Mariners,Chicago White Sox,1,2,0,Bryce Miller,Anthony Kay
2026-05-20,Philadelphia Phillies,Cincinnati Reds,4,9,0,Aaron Nola,Andrew Abbott
2026-05-20,Tampa Bay Rays,Baltimore Orioles,5,3,1,Steven Matz,Shane Baz
2026-05-20,Minnesota Twins,Houston Astros,4,1,1,Joe Ryan,Mike Burrows
2026-05-20,Colorado Rockies,Texas Rangers,4,5,0,Kyle Freeland,Jack Leiter
2026-05-20,Arizona Diamondbacks,San Francisco Giants,6,3,1,Merrill Kelly,Tyler Mahle
2026-05-20,Seattle Mariners,Chicago White Sox,5,4,1,Emerson Hancock,Sean Burke
2026-05-20,Detroit Tigers,Cleveland Guardians,2,3,0,,Tanner Bibee
2026-05-20,Miami Marlins,Atlanta Braves,1,9,0,Janson Junk,Chris Sale
2026-05-20,Washington Nationals,New York Mets,8,4,1,Zack Littell,Zac Thornton
2026-05-20,New York Yankees,Toronto Blue Jays,1,2,0,Cam Schlittler,Trey Yesavage
2026-05-20,Kansas City Royals,Boston Red Sox,3,4,0,Michael Wacha,Connelly Early
2026-05-20,Chicago Cubs,Milwaukee Brewers,0,5,0,Edward Cabrera,Kyle Harrison
2026-05-20,St. Louis Cardinals,Pittsburgh Pirates,0,7,0,Michael McGreevy,Carmen Mlodzinski
2026-05-20,San Diego Padres,Los Angeles Dodgers,0,4,0,Randy Vásquez,Shohei Ohtani
2026-05-20,Los Angeles Angels,Athletics,5,6,0,Jack Kochanowicz,Aaron Civale
2026-05-21,Detroit Tigers,Cleveland Guardians,1,3,0,Casey Mize,Joey Cantillo
2026-05-21,St. Louis Cardinals,Pittsburgh Pirates,2,6,0,Dustin May,Braxton Ashcraft
2026-05-21,Washington Nationals,New York Mets,1,2,0,Cade Cavalli,David Peterson
2026-05-21,Miami Marlins,Atlanta Braves,3,9,0,Sandy Alcantara,Spencer Strider
2026-05-21,New York Yankees,Toronto Blue Jays,0,2,0,Carlos Rodón,Braydon Fisher
2026-05-21,Los Angeles Angels,Athletics,2,3,0,José Soriano,Luis Severino
2026-05-21,Arizona Diamondbacks,Colorado Rockies,2,1,1,Eduardo Rodriguez,Zach Agnos
2026-05-22,Chicago Cubs,Houston Astros,2,4,0,Jameson Taillon,Spencer Arrighetti
2026-05-22,Philadelphia Phillies,Cleveland Guardians,0,1,0,Cristopher Sánchez,Gavin Williams
2026-05-22,New York Yankees,Tampa Bay Rays,2,4,0,Gerrit Cole,Nick Martinez
2026-05-22,Toronto Blue Jays,Pittsburgh Pirates,6,2,1,Kevin Gausman,Bubba Chandler
2026-05-22,Boston Red Sox,Minnesota Twins,6,8,0,Payton Tolle,Connor Prielipp
2026-05-22,Miami Marlins,New York Mets,2,1,1,Eury Pérez,Tobias Myers
2026-05-22,Baltimore Orioles,Detroit Tigers,7,4,1,Keegan Akin,Jack Flaherty
2026-05-22,Atlanta Braves,Washington Nationals,5,4,1,Bryce Elder,Richard Lovelady
2026-05-22,Kansas City Royals,Seattle Mariners,0,2,0,Noah Cameron,Logan Gilbert
2026-05-22,Milwaukee Brewers,Los Angeles Dodgers,5,1,1,Logan Henderson,Justin Wrobleski
2026-05-22,Los Angeles Angels,Texas Rangers,9,6,1,Grayson Rodriguez,Jacob deGrom
2026-05-22,Arizona Diamondbacks,Colorado Rockies,2,3,0,Michael Soroka,Tomoyuki Sugano
2026-05-22,San Diego Padres,Athletics,7,3,1,Walker Buehler,Jeffrey Springs
2026-05-22,San Francisco Giants,Chicago White Sox,4,9,0,Trevor McDonald,Davis Martin
2026-05-23,Cincinnati Reds,St. Louis Cardinals,1,8,0,Chris Paddack,Andre Pallante
2026-05-23,Cincinnati Reds,St. Louis Cardinals,7,6,1,Chase Petty,Kyle Leahy
2026-05-23,Chicago Cubs,Houston Astros,0,3,0,Colin Rea,Kai-Wei Teng
2026-05-23,Toronto Blue Jays,Pittsburgh Pirates,5,2,1,Patrick Corbin,Paul Skenes
2026-05-23,Philadelphia Phillies,Cleveland Guardians,3,0,1,Zack Wheeler,Slade Cecconi
2026-05-23,San Francisco Giants,Chicago White Sox,10,3,1,Adrian Houser,Bryan Hudson
2026-05-23,Kansas City Royals,Seattle Mariners,5,0,1,Stephen Kolek,George Kirby
2026-05-23,Boston Red Sox,Minnesota Twins,2,4,0,Jovani Morán,Taj Bradley
2026-05-23,Atlanta Braves,Washington Nationals,0,2,0,Grant Holmes,Jake Irvin
2026-05-23,Miami Marlins,New York Mets,4,1,1,Max Meyer,Freddy Peralta
2026-05-23,Milwaukee Brewers,Los Angeles Dodgers,3,11,0,Robert Gasser,Roki Sasaki
2026-05-23,San Diego Padres,Athletics,2,0,1,Lucas Giolito,J.T. Ginn
2026-05-23,Los Angeles Angels,Texas Rangers,5,2,1,Walbert Ureña,Nathan Eovaldi
2026-05-23,Arizona Diamondbacks,Colorado Rockies,5,4,1,Zac Gallen,Michael Lorenzen
2026-05-24,Toronto Blue Jays,Pittsburgh Pirates,1,4,0,Dylan Cease,Mitch Keller
2026-05-24,Baltimore Orioles,Detroit Tigers,5,3,1,Brandon Young,Framber Valdez
2026-05-24,Baltimore Orioles,Detroit Tigers,1,4,0,Trevor Rogers,Troy Melton
2026-05-24,Boston Red Sox,Minnesota Twins,5,6,0,Sonny Gray,Bailey Ober
2026-05-24,Philadelphia Phillies,Cleveland Guardians,1,3,0,Andrew Painter,Parker Messick
2026-05-24,New York Yankees,Tampa Bay Rays,2,0,1,Ryan Weathers,Drew Rasmussen
2026-05-24,Miami Marlins,New York Mets,4,0,1,Tyler Phillips,Christian Scott
2026-05-24,Kansas City Royals,Seattle Mariners,8,6,1,Seth Lugo,Bryan Woo
2026-05-24,Milwaukee Brewers,Los Angeles Dodgers,1,5,0,Brandon Sproat,Yoshinobu Yamamoto
2026-05-24,Chicago Cubs,Houston Astros,5,8,0,Shota Imanaga,Peter Lambert
2026-05-24,San Francisco Giants,Chicago White Sox,8,5,1,Robbie Ray,Noah Schultz
2026-05-24,Arizona Diamondbacks,Colorado Rockies,9,1,1,Ryne Nelson,Jose Quintana
2026-05-24,San Diego Padres,Athletics,2,5,0,Michael King,Luis Medina
2026-05-24,Atlanta Braves,Washington Nationals,1,2,0,Martín Pérez,Foster Griffin
2026-05-24,Los Angeles Angels,Texas Rangers,2,1,1,Reid Detmers,MacKenzie Gore
2026-05-25,Pittsburgh Pirates,Chicago Cubs,2,1,1,Carmen Mlodzinski,Ben Brown
2026-05-25,Baltimore Orioles,Tampa Bay Rays,9,7,1,Kyle Bradish,Shane McClanahan
2026-05-25,Chicago White Sox,Minnesota Twins,3,1,1,Anthony Kay,Zebby Matthews
2026-05-25,Milwaukee Brewers,St. Louis Cardinals,5,1,1,Jacob Misiorowski,Matthew Liberatore
2026-05-25,Kansas City Royals,New York Yankees,3,4,0,Michael Wacha,Will Warren
2026-05-25,New York Mets,Cincinnati Reds,2,7,0,Nolan McLean,Nick Lodolo
2026-05-25,San Francisco Giants,Arizona Diamondbacks,2,6,0,Landen Roupp,Merrill Kelly
2026-05-25,Cleveland Guardians,Washington Nationals,2,10,0,Tanner Bibee,PJ Poulin
2026-05-25,San Diego Padres,Philadelphia Phillies,0,3,0,Griffin Canning,Jesús Luzardo
2026-05-25,Texas Rangers,Houston Astros,0,9,0,Kumar Rocker,Tatsuya Imai
2026-05-25,Toronto Blue Jays,Miami Marlins,2,8,0,Trey Yesavage,Janson Junk
2026-05-25,Los Angeles Dodgers,Colorado Rockies,5,3,1,Emmet Sheehan,Tanner Gordon
2026-05-25,Athletics,Seattle Mariners,2,9,0,Aaron Civale,Luis Castillo
2026-05-26,Cleveland Guardians,Washington Nationals,3,6,0,Joey Cantillo,Cade Cavalli
2026-05-26,Baltimore Orioles,Tampa Bay Rays,6,1,1,Shane Baz,Griffin Jax
2026-05-26,Detroit Tigers,Los Angeles Angels,6,10,0,Keider Montero,Jack Kochanowicz
2026-05-26,Pittsburgh Pirates,Chicago Cubs,12,1,1,Mitch Keller,Jordan Wicks
2026-05-26,Boston Red Sox,Atlanta Braves,6,7,0,Ranger Suarez,Spencer Strider
2026-05-26,Toronto Blue Jays,Miami Marlins,8,1,1,Braydon Fisher,Sandy Alcantara
2026-05-26,New York Mets,Cincinnati Reds,2,7,0,David Peterson,Chase Burns
2026-05-26,Chicago White Sox,Minnesota Twins,3,5,0,Sean Burke,Joe Ryan
2026-05-26,Kansas City Royals,New York Yankees,1,15,0,Bailey Falter,Cam Schlittler
2026-05-26,Milwaukee Brewers,St. Louis Cardinals,6,0,1,Kyle Harrison,Michael McGreevy
2026-05-26,Texas Rangers,Houston Astros,10,7,1,Jack Leiter,Jason Alexander
2026-05-26,Athletics,Seattle Mariners,1,4,0,Gage Jump,Emerson Hancock
2026-05-26,San Diego Padres,Philadelphia Phillies,3,4,0,Randy Vásquez,Aaron Nola
2026-05-26,San Francisco Giants,Arizona Diamondbacks,5,7,0,Tyler Mahle,Eduardo Rodriguez
2026-05-26,Los Angeles Dodgers,Colorado Rockies,15,6,1,Eric Lauer,Kyle Freeland
2026-05-27,Toronto Blue Jays,Miami Marlins,2,1,1,Kevin Gausman,Eury Pérez
2026-05-27,Cleveland Guardians,Washington Nationals,3,2,1,Gavin Williams,PJ Poulin
2026-05-27,Milwaukee Brewers,St. Louis Cardinals,2,1,1,Chad Patrick,Dustin May
2026-05-27,Athletics,Seattle Mariners,1,9,0,Jeffrey Springs,Logan Gilbert
2026-05-27,San Francisco Giants,Arizona Diamondbacks,2,3,0,Trevor McDonald,Michael Soroka
2026-05-27,San Diego Padres,Philadelphia Phillies,0,3,0,Walker Buehler,Cristopher Sánchez
2026-05-27,Baltimore Orioles,Tampa Bay Rays,11,2,1,Trey Gibson,Steven Matz
2026-05-27,Detroit Tigers,Los Angeles Angels,4,0,1,Casey Mize,José Soriano
2026-05-27,Pittsburgh Pirates,Chicago Cubs,4,10,0,Braxton Ashcraft,Jameson Taillon
2026-05-27,Boston Red Sox,Atlanta Braves,8,0,1,Connelly Early,Bryce Elder
2026-05-27,New York Mets,Cincinnati Reds,4,2,1,Huascar Brazobán,Andrew Abbott
2026-05-27,Chicago White Sox,Minnesota Twins,15,2,1,David Sandlin,Connor Prielipp
2026-05-27,Kansas City Royals,New York Yankees,0,7,0,Noah Cameron,Gerrit Cole
2026-05-27,Texas Rangers,Houston Astros,3,4,0,Jacob deGrom,Mike Burrows
2026-05-27,Los Angeles Dodgers,Colorado Rockies,4,1,1,Shohei Ohtani,Tomoyuki Sugano
2026-05-28,Detroit Tigers,Los Angeles Angels,1,7,0,Jack Flaherty,Grayson Rodriguez
2026-05-28,Chicago White Sox,Minnesota Twins,6,2,1,Davis Martin,Simeon Woods Richardson
2026-05-28,Boston Red Sox,Atlanta Braves,2,10,0,Payton Tolle,Chris Sale
2026-05-28,Baltimore Orioles,Toronto Blue Jays,1,2,0,Chris Bassitt,Patrick Corbin
2026-05-28,Pittsburgh Pirates,Chicago Cubs,2,7,0,Paul Skenes,Colin Rea
2026-05-28,Texas Rangers,Houston Astros,1,5,0,Nathan Eovaldi,Spencer Arrighetti
2026-05-29,Cincinnati Reds,Atlanta Braves,3,8,0,Chris Paddack,Grant Holmes
2026-05-29,Washington Nationals,San Diego Padres,5,7,0,Paxton Schultz,Lucas Giolito
2026-05-29,Pittsburgh Pirates,Minnesota Twins,6,5,1,Jared Jones,Taj Bradley
2026-05-29,Baltimore Orioles,Toronto Blue Jays,5,6,0,Trevor Rogers,Adam Macko
2026-05-29,Cleveland Guardians,Boston Red Sox,4,3,1,Slade Cecconi,Tyler Samaniego
2026-05-29,Tampa Bay Rays,Los Angeles Angels,8,5,1,Nick Martinez,Walbert Ureña
2026-05-29,New York Mets,Miami Marlins,9,7,1,Freddy Peralta,Max Meyer
2026-05-29,St. Louis Cardinals,Chicago Cubs,6,5,1,Andre Pallante,Shota Imanaga
2026-05-29,Chicago White Sox,Detroit Tigers,4,3,1,Erick Fedde,Troy Melton
2026-05-29,Texas Rangers,Kansas City Royals,9,1,1,MacKenzie Gore,Stephen Kolek
2026-05-29,Houston Astros,Milwaukee Brewers,4,5,0,Kai-Wei Teng,Coleman Crow
2026-05-29,Colorado Rockies,San Francisco Giants,8,6,1,Michael Lorenzen,Logan Webb
2026-05-29,Athletics,New York Yankees,2,8,0,Luis Severino,Carlos Rodón
2026-05-29,Seattle Mariners,Arizona Diamondbacks,7,6,1,George Kirby,Zac Gallen
2026-05-29,Los Angeles Dodgers,Philadelphia Phillies,4,2,1,Justin Wrobleski,Zack Wheeler
2026-05-30,Chicago White Sox,Detroit Tigers,7,1,1,Anthony Kay,Framber Valdez
2026-05-30,Washington Nationals,San Diego Padres,9,4,1,Foster Griffin,Michael King
2026-05-30,Texas Rangers,Kansas City Royals,7,6,1,Kumar Rocker,Seth Lugo
2026-05-30,Baltimore Orioles,Toronto Blue Jays,6,5,1,Brandon Young,Trey Yesavage
2026-05-30,Pittsburgh Pirates,Minnesota Twins,10,9,1,Mitch Keller,Bailey Ober
2026-05-30,Cleveland Guardians,Boston Red Sox,1,9,0,Parker Messick,Sonny Gray
2026-05-30,Tampa Bay Rays,Los Angeles Angels,3,14,0,Drew Rasmussen,Reid Detmers
2026-05-30,New York Mets,Miami Marlins,6,1,1,Christian Scott,Tyler Phillips
2026-05-30,Houston Astros,Milwaukee Brewers,9,2,1,Peter Lambert,Brandon Sproat
2026-05-30,St. Louis Cardinals,Chicago Cubs,1,6,0,Kyle Leahy,Ben Brown
2026-05-30,Cincinnati Reds,Atlanta Braves,2,5,0,Brady Singer,Martín Pérez
2026-05-30,Colorado Rockies,San Francisco Giants,8,3,1,Ryan Feltner,Adrian Houser
2026-05-30,Athletics,New York Yankees,6,4,1,J.T. Ginn,Ryan Weathers
2026-05-30,Seattle Mariners,Arizona Diamondbacks,5,1,1,Bryan Woo,Ryne Nelson
2026-05-30,Los Angeles Dodgers,Philadelphia Phillies,3,4,0,Roki Sasaki,Jesús Luzardo
2026-05-31,Baltimore Orioles,Toronto Blue Jays,9,5,1,Kyle Bradish,Spencer Miles
2026-05-31,Washington Nationals,San Diego Padres,4,2,1,Zack Littell,Griffin Canning
2026-05-31,Pittsburgh Pirates,Minnesota Twins,9,3,1,Braxton Ashcraft,Zebby Matthews
2026-05-31,Cleveland Guardians,Boston Red Sox,4,9,0,Tanner Bibee,Ranger Suarez
2026-05-31,Tampa Bay Rays,Los Angeles Angels,5,2,1,Shane McClanahan,Jack Kochanowicz
2026-05-31,Cincinnati Reds,Atlanta Braves,6,4,1,Nick Lodolo,Spencer Strider
2026-05-31,New York Mets,Miami Marlins,10,1,1,Nolan McLean,John King
2026-05-31,Chicago White Sox,Detroit Tigers,2,1,1,Sean Burke,Keider Montero
2026-05-31,Houston Astros,Milwaukee Brewers,0,2,0,Tatsuya Imai,Jacob Misiorowski
2026-05-31,Texas Rangers,Kansas City Royals,6,3,1,Jack Leiter,Michael Wacha
2026-05-31,Colorado Rockies,San Francisco Giants,6,19,0,Tanner Gordon,Robbie Ray
2026-05-31,Athletics,New York Yankees,8,13,0,Jacob Lopez,Will Warren
2026-05-31,Seattle Mariners,Arizona Diamondbacks,3,2,1,Bryce Miller,Merrill Kelly
2026-05-31,Los Angeles Dodgers,Philadelphia Phillies,9,1,1,Yoshinobu Yamamoto,Andrew Painter
2026-05-31,St. Louis Cardinals,Chicago Cubs,5,1,1,Matthew Liberatore,Jordan Wicks
2026-06-01,Tampa Bay Rays,Detroit Tigers,9,10,0,Griffin Jax,Ty Madden
2026-06-01,Washington Nationals,Miami Marlins,3,7,0,Cade Cavalli,Sandy Alcantara
2026-06-01,Cincinnati Reds,Kansas City Royals,2,9,0,Lyon Richardson,Luinder Avila
2026-06-01,Minnesota Twins,Chicago White Sox,9,6,1,Joe Ryan,David Sandlin
2026-06-01,Milwaukee Brewers,San Francisco Giants,16,2,1,Shane Drohan,Landen Roupp
2026-06-01,St. Louis Cardinals,Texas Rangers,1,2,0,Michael McGreevy,Jacob deGrom
2026-06-01,Los Angeles Angels,Colorado Rockies,8,9,0,José Soriano,Kyle Freeland
2026-06-01,Arizona Diamondbacks,Los Angeles Dodgers,4,1,1,Eduardo Rodriguez,Emmet Sheehan
2026-06-01,Seattle Mariners,New York Mets,3,2,1,Emerson Hancock,Austin Warren
2026-06-02,Tampa Bay Rays,Detroit Tigers,0,8,0,Steven Matz,Jack Flaherty
2026-06-02,Philadelphia Phillies,San Diego Padres,3,2,1,Aaron Nola,Randy Vásquez
2026-06-02,Boston Red Sox,Baltimore Orioles,2,4,0,Connelly Early,Shane Baz
2026-06-02,Washington Nationals,Miami Marlins,3,7,0,Richard Lovelady,Lake Bachar
2026-06-02,New York Yankees,Cleveland Guardians,4,9,0,Cam Schlittler,Joey Cantillo
2026-06-02,Cincinnati Reds,Kansas City Royals,4,3,1,Andrew Abbott,Noah Cameron
2026-06-02,Atlanta Braves,Toronto Blue Jays,4,3,1,Bryce Elder,Kevin Gausman
2026-06-02,Minnesota Twins,Chicago White Sox,6,4,1,Connor Prielipp,Davis Martin
2026-06-02,Milwaukee Brewers,San Francisco Giants,8,3,1,Kyle Harrison,Trevor McDonald
2026-06-02,St. Louis Cardinals,Texas Rangers,4,7,0,Dustin May,Nathan Eovaldi
2026-06-02,Chicago Cubs,Athletics,1,2,0,Jameson Taillon,Gage Jump
2026-06-02,Houston Astros,Pittsburgh Pirates,6,10,0,Mike Burrows,Bubba Chandler
2026-06-02,Los Angeles Angels,Colorado Rockies,2,8,0,Grayson Rodriguez,Tomoyuki Sugano
2026-06-02,Arizona Diamondbacks,Los Angeles Dodgers,5,6,0,Michael Soroka,Eric Lauer
2026-06-02,Seattle Mariners,New York Mets,8,3,1,Logan Gilbert,Huascar Brazobán
2026-06-03,Washington Nationals,Miami Marlins,1,4,0,Andrew Alvarez,Max Meyer
2026-06-03,Tampa Bay Rays,Detroit Tigers,2,7,0,Nick Martinez,Troy Melton
2026-06-03,Minnesota Twins,Chicago White Sox,0,8,0,Taj Bradley,Erick Fedde
2026-06-03,Seattle Mariners,New York Mets,1,7,0,George Kirby,Freddy Peralta
2026-06-03,Philadelphia Phillies,San Diego Padres,3,2,1,Cristopher Sánchez,Walker Buehler
2026-06-03,Boston Red Sox,Baltimore Orioles,8,1,1,Payton Tolle,Chris Bassitt
2026-06-03,New York Yankees,Cleveland Guardians,4,5,0,Gerrit Cole,Gavin Williams
2026-06-03,Cincinnati Reds,Kansas City Royals,2,5,0,Chase Burns,Stephen Kolek
2026-06-03,Atlanta Braves,Toronto Blue Jays,7,3,1,Grant Holmes,Patrick Corbin
2026-06-03,Milwaukee Brewers,San Francisco Giants,0,1,0,Robert Gasser,Logan Webb
2026-06-03,St. Louis Cardinals,Texas Rangers,5,3,1,Andre Pallante,MacKenzie Gore
2026-06-03,Chicago Cubs,Athletics,4,5,0,Colin Rea,Jeffrey Springs
2026-06-03,Houston Astros,Pittsburgh Pirates,11,9,1,Spencer Arrighetti,Paul Skenes
2026-06-03,Los Angeles Angels,Colorado Rockies,11,4,1,Walbert Ureña,Michael Lorenzen
2026-06-03,Arizona Diamondbacks,Los Angeles Dodgers,0,7,0,Zac Gallen,Shohei Ohtani
2026-06-04,Philadelphia Phillies,San Diego Padres,6,4,1,Zack Wheeler,Lucas Giolito
2026-06-04,Boston Red Sox,Baltimore Orioles,2,8,0,Brayan Bello,Trevor Rogers
2026-06-04,New York Yankees,Cleveland Guardians,2,1,1,Carlos Rodón,Slade Cecconi
2026-06-04,Milwaukee Brewers,San Francisco Giants,9,12,0,Coleman Crow,Adrian Houser
2026-06-04,Atlanta Braves,Toronto Blue Jays,2,7,0,Chris Sale,Mason Fluharty
2026-06-04,Minnesota Twins,Kansas City Royals,6,8,0,Andrew Morris,Seth Lugo
2026-06-04,Chicago Cubs,Athletics,7,6,1,Shota Imanaga,J.T. Ginn
2026-06-04,Houston Astros,Pittsburgh Pirates,1,5,0,Kai-Wei Teng,Jared Jones
2026-06-04,Arizona Diamondbacks,Los Angeles Dodgers,3,2,1,Ryne Nelson,Justin Wrobleski
2026-06-05,Chicago Cubs,San Francisco Giants,3,18,0,Edward Cabrera,Robbie Ray
2026-06-05,Detroit Tigers,Seattle Mariners,7,3,1,Framber Valdez,Bryan Woo
2026-06-05,Philadelphia Phillies,Chicago White Sox,8,6,1,Jesús Luzardo,Anthony Kay
2026-06-05,New York Yankees,Boston Red Sox,3,5,0,Ryan Weathers,Sonny Gray
2026-06-05,Toronto Blue Jays,Baltimore Orioles,3,13,0,Trey Yesavage,Brandon Young
2026-06-05,Miami Marlins,Tampa Bay Rays,0,6,0,Ryan Gusto,Drew Rasmussen
2026-06-05,Atlanta Braves,Pittsburgh Pirates,6,3,1,Martín Pérez,Mitch Keller
2026-06-05,Houston Astros,Athletics,5,1,1,Peter Lambert,Jack Perkins
2026-06-05,St. Louis Cardinals,Cincinnati Reds,10,3,1,Kyle Leahy,Brady Singer
2026-06-05,Texas Rangers,Cleveland Guardians,3,2,1,Kumar Rocker,Parker Messick
2026-06-05,Minnesota Twins,Kansas City Royals,5,3,1,Zebby Matthews,Michael Wacha
2026-06-05,Colorado Rockies,Milwaukee Brewers,7,9,0,Ryan Feltner,Brandon Sproat
2026-06-05,Arizona Diamondbacks,Washington Nationals,1,14,0,Merrill Kelly,Foster Griffin
2026-06-05,San Diego Padres,New York Mets,0,5,0,Michael King,Christian Scott
2026-06-05,Los Angeles Dodgers,Los Angeles Angels,1,0,1,Roki Sasaki,Reid Detmers
2026-06-06,Detroit Tigers,Seattle Mariners,0,4,0,Keider Montero,Bryce Miller
2026-06-06,Minnesota Twins,Kansas City Royals,2,3,0,Joe Ryan,Luinder Avila
2026-06-06,St. Louis Cardinals,Cincinnati Reds,6,5,1,Matthew Liberatore,Nick Lodolo
2026-06-06,Chicago Cubs,San Francisco Giants,3,2,1,Ben Brown,Landen Roupp
2026-06-06,Toronto Blue Jays,Baltimore Orioles,6,4,1,Braydon Fisher,Kyle Bradish
2026-06-06,Philadelphia Phillies,Chicago White Sox,3,6,0,Andrew Painter,Brandon Eisert
2026-06-06,Arizona Diamondbacks,Washington Nationals,1,6,0,Eduardo Rodriguez,Zack Littell
2026-06-06,Houston Astros,Athletics,13,2,1,Tatsuya Imai,Kade Morris
2026-06-06,Atlanta Braves,Pittsburgh Pirates,6,3,1,Spencer Strider,Braxton Ashcraft
2026-06-06,Miami Marlins,Tampa Bay Rays,4,3,1,Lake Bachar,Shane McClanahan
2026-06-06,Texas Rangers,Cleveland Guardians,0,6,0,Jack Leiter,Tanner Bibee
2026-06-06,Colorado Rockies,Milwaukee Brewers,1,7,0,Zach Agnos,Jacob Misiorowski
2026-06-06,Los Angeles Dodgers,Los Angeles Angels,9,2,1,Yoshinobu Yamamoto,Jack Kochanowicz
2026-06-06,San Diego Padres,New York Mets,3,2,1,Griffin Canning,Nolan McLean
2026-06-07,Atlanta Braves,Pittsburgh Pirates,3,2,1,Bryce Elder,Mason Montgomery
2026-06-07,Philadelphia Phillies,Chicago White Sox,9,5,1,Aaron Nola,Tyler Gilbert
2026-06-07,New York Yankees,Boston Red Sox,6,1,1,Cam Schlittler,Ranger Suarez
2026-06-07,Toronto Blue Jays,Baltimore Orioles,6,4,1,Kevin Gausman,Shane Baz
2026-06-07,Detroit Tigers,Seattle Mariners,5,4,1,Jack Flaherty,Luis Castillo
2026-06-07,Miami Marlins,Tampa Bay Rays,4,1,1,Sandy Alcantara,Griffin Jax
2026-06-07,Houston Astros,Athletics,0,5,0,Mike Burrows,Gage Jump
2026-06-07,Minnesota Twins,Kansas City Royals,5,6,0,Connor Prielipp,Noah Cameron
2026-06-07,St. Louis Cardinals,Cincinnati Reds,5,3,1,Michael McGreevy,Rhett Lowder
2026-06-07,Texas Rangers,Cleveland Guardians,10,0,1,Jacob deGrom,Joey Cantillo
2026-06-07,Colorado Rockies,Milwaukee Brewers,4,12,0,Kyle Freeland,Shane Drohan
2026-06-07,Arizona Diamondbacks,Washington Nationals,5,1,1,Michael Soroka,Cade Cavalli
2026-06-07,Los Angeles Dodgers,Los Angeles Angels,5,13,0,Emmet Sheehan,José Soriano
2026-06-07,San Diego Padres,New York Mets,3,7,0,Randy Vásquez,Huascar Brazobán
2026-06-07,Chicago Cubs,San Francisco Giants,1,2,0,Jameson Taillon,Trevor McDonald
2026-06-08,Baltimore Orioles,Seattle Mariners,3,6,0,Trey Gibson,Emerson Hancock
2026-06-08,Tampa Bay Rays,Boston Red Sox,3,1,1,Ian Seymour,Connelly Early
2026-06-08,Cleveland Guardians,New York Yankees,5,7,0,Gavin Williams,Will Warren
2026-06-08,Toronto Blue Jays,Philadelphia Phillies,2,5,0,Patrick Corbin,Cristopher Sánchez
2026-06-08,Los Angeles Angels,Houston Astros,4,5,0,Grayson Rodriguez,Spencer Arrighetti
2026-06-08,San Diego Padres,Cincinnati Reds,6,2,1,Walker Buehler,Andrew Abbott
2026-06-08,San Francisco Giants,Washington Nationals,3,4,0,Logan Webb,Richard Lovelady
2026-06-08,Athletics,Milwaukee Brewers,14,15,0,Jeffrey Springs,Kyle Harrison
2026-06-09,Baltimore Orioles,Seattle Mariners,5,6,0,Trevor Rogers,Logan Gilbert
2026-06-09,Pittsburgh Pirates,Los Angeles Dodgers,3,12,0,Paul Skenes,Eric Lauer
2026-06-09,Tampa Bay Rays,Boston Red Sox,4,3,1,Nick Martinez,Payton Tolle
2026-06-09,Detroit Tigers,Minnesota Twins,10,4,1,Troy Melton,Taj Bradley
2026-06-09,Miami Marlins,Arizona Diamondbacks,10,6,1,Max Meyer,Zac Gallen
2026-06-09,Cleveland Guardians,New York Yankees,2,3,0,Slade Cecconi,Gerrit Cole
2026-06-09,Toronto Blue Jays,Philadelphia Phillies,3,2,1,Dylan Cease,Zack Wheeler
2026-06-09,New York Mets,St. Louis Cardinals,0,7,0,Freddy Peralta,Dustin May
2026-06-09,Kansas City Royals,Texas Rangers,5,3,1,Stephen Kolek,Nathan Eovaldi
2026-06-09,Chicago White Sox,Atlanta Braves,6,5,1,Brandon Eisert,Grant Holmes
2026-06-09,Colorado Rockies,Chicago Cubs,7,3,1,Tomoyuki Sugano,Colin Rea
2026-06-09,Los Angeles Angels,Houston Astros,10,1,1,Walbert Ureña,Kai-Wei Teng
2026-06-09,San Diego Padres,Cincinnati Reds,3,5,0,Lucas Giolito,Chase Burns
2026-06-09,San Francisco Giants,Washington Nationals,3,6,0,Adrian Houser,Andrew Alvarez
2026-06-09,Athletics,Milwaukee Brewers,7,5,1,J.T. Ginn,Robert Gasser
2026-06-10,Tampa Bay Rays,Boston Red Sox,7,5,1,Drew Rasmussen,Jake Bennett
2026-06-10,Cleveland Guardians,New York Yankees,4,8,0,Parker Messick,Carlos Rodón
2026-06-10,San Francisco Giants,Washington Nationals,11,10,1,Robbie Ray,Foster Griffin
2026-06-10,San Diego Padres,Cincinnati Reds,5,4,1,Michael King,Brady Singer
2026-06-10,Baltimore Orioles,Seattle Mariners,7,2,1,Brandon Young,George Kirby
2026-06-10,Pittsburgh Pirates,Los Angeles Dodgers,9,8,1,Jared Jones,Shohei Ohtani
2026-06-10,Detroit Tigers,Minnesota Twins,4,6,0,Framber Valdez,Mike Paredes
2026-06-10,Miami Marlins,Arizona Diamondbacks,8,0,1,Ryan Gusto,Ryne Nelson
2026-06-10,Toronto Blue Jays,Philadelphia Phillies,4,7,0,Max Scherzer,Jesús Luzardo
2026-06-10,New York Mets,St. Louis Cardinals,2,9,0,Austin Warren,Andre Pallante
2026-06-10,Kansas City Royals,Texas Rangers,4,6,0,Seth Lugo,MacKenzie Gore
2026-06-10,Chicago White Sox,Atlanta Braves,2,1,1,Davis Martin,Chris Sale
2026-06-10,Colorado Rockies,Chicago Cubs,3,2,1,Michael Lorenzen,Shota Imanaga
2026-06-10,Athletics,Milwaukee Brewers,4,3,1,Jack Perkins,Brandon Sproat
2026-06-10,Los Angeles Angels,Houston Astros,3,2,1,Reid Detmers,Peter Lambert
2026-06-11,New York Mets,St. Louis Cardinals,5,4,1,Christian Scott,Hunter Dobbins
2026-06-11,Detroit Tigers,Minnesota Twins,11,0,1,Keider Montero,Zebby Matthews
2026-06-11,Miami Marlins,Arizona Diamondbacks,2,0,1,Tyler Phillips,Merrill Kelly
2026-06-11,Kansas City Royals,Texas Rangers,2,4,0,Michael Wacha,Kumar Rocker
2026-06-11,Colorado Rockies,Chicago Cubs,3,9,0,Ryan Feltner,Edward Cabrera
2026-06-11,Pittsburgh Pirates,Los Angeles Dodgers,6,8,0,Mitch Keller,Justin Wrobleski
2026-06-11,Baltimore Orioles,Seattle Mariners,7,5,1,Kyle Bradish,Bryan Woo
2026-06-12,Pittsburgh Pirates,Miami Marlins,3,8,0,Braxton Ashcraft,Sandy Alcantara
2026-06-12,Washington Nationals,Seattle Mariners,2,10,0,Zack Littell,Bryce Miller
2026-06-12,Baltimore Orioles,San Diego Padres,7,3,1,Shane Baz,Griffin Canning
2026-06-12,Cleveland Guardians,Detroit Tigers,3,2,1,Tanner Bibee,Jack Flaherty
2026-06-12,Boston Red Sox,Texas Rangers,10,1,1,Sonny Gray,Jack Leiter
2026-06-12,Cincinnati Reds,Arizona Diamondbacks,2,5,0,Nick Lodolo,Eduardo Rodriguez
2026-06-12,New York Mets,Atlanta Braves,7,5,1,Nolan McLean,Spencer Strider
2026-06-12,Toronto Blue Jays,New York Yankees,8,5,1,Trey Yesavage,Ryan Weathers
2026-06-12,Chicago White Sox,Los Angeles Dodgers,8,2,1,Anthony Kay,Roki Sasaki
2026-06-12,Milwaukee Brewers,Philadelphia Phillies,6,0,1,Jacob Misiorowski,Tanner Banks
2026-06-12,Kansas City Royals,Houston Astros,8,10,0,Luinder Avila,Tatsuya Imai
2026-06-12,Minnesota Twins,St. Louis Cardinals,9,8,1,Joe Ryan,Kyle Leahy
2026-06-12,Los Angeles Angels,Tampa Bay Rays,4,3,1,Sam Aldegheri,Shane McClanahan
2026-06-12,Athletics,Colorado Rockies,6,4,1,Gage Jump,Sean Sullivan
2026-06-12,San Francisco Giants,Chicago Cubs,1,5,0,Landen Roupp,Javier Assad
2026-06-13,Minnesota Twins,St. Louis Cardinals,6,9,0,Connor Prielipp,Matthew Liberatore
2026-06-13,Toronto Blue Jays,New York Yankees,1,3,0,Kevin Gausman,Cam Schlittler
2026-06-13,Baltimore Orioles,San Diego Padres,3,9,0,Trey Gibson,Randy Vásquez
2026-06-13,Washington Nationals,Seattle Mariners,8,3,1,Cade Cavalli,Luis Castillo
2026-06-13,Pittsburgh Pirates,Miami Marlins,3,2,1,Bubba Chandler,Lake Bachar
2026-06-13,Cincinnati Reds,Arizona Diamondbacks,2,1,1,Rhett Lowder,Michael Soroka
2026-06-13,Cleveland Guardians,Detroit Tigers,3,1,1,Joey Cantillo,Tarik Skubal
2026-06-13,Boston Red Sox,Texas Rangers,6,3,1,Ranger Suarez,Jacob deGrom
2026-06-13,New York Mets,Atlanta Braves,1,3,0,Sean Manaea,Martín Pérez
2026-06-13,Chicago White Sox,Los Angeles Dodgers,1,7,0,Sean Burke,Yoshinobu Yamamoto
2026-06-13,Kansas City Royals,Houston Astros,7,8,0,Noah Cameron,Mike Burrows
2026-06-13,Milwaukee Brewers,Philadelphia Phillies,8,9,0,Shane Drohan,Aaron Nola
2026-06-13,Athletics,Colorado Rockies,7,5,1,Joey Estes,Kyle Freeland
2026-06-13,San Francisco Giants,Chicago Cubs,1,6,0,Trevor McDonald,Ben Brown
2026-06-13,Los Angeles Angels,Tampa Bay Rays,8,0,1,José Soriano,Griffin Jax
2026-06-14,Pittsburgh Pirates,Miami Marlins,2,4,0,Paul Skenes,Max Meyer
2026-06-14,Baltimore Orioles,San Diego Padres,2,5,0,Trevor Rogers,Walker Buehler
2026-06-14,Washington Nationals,Seattle Mariners,10,1,1,PJ Poulin,Emerson Hancock
2026-06-14,Toronto Blue Jays,New York Yankees,3,8,0,Patrick Corbin,Will Warren
2026-06-14,Cincinnati Reds,Arizona Diamondbacks,3,5,0,Andrew Abbott,Zac Gallen
2026-06-14,New York Mets,Atlanta Braves,8,1,1,Freddy Peralta,Bryce Elder
2026-06-14,Kansas City Royals,Houston Astros,4,0,1,Stephen Kolek,Spencer Arrighetti
2026-06-14,Minnesota Twins,St. Louis Cardinals,5,4,1,Taj Bradley,Michael McGreevy
2026-06-14,Chicago White Sox,Los Angeles Dodgers,6,4,1,Bryan Hudson,Emmet Sheehan
2026-06-14,Milwaukee Brewers,Philadelphia Phillies,4,0,1,Kyle Harrison,Cristopher Sánchez
2026-06-14,Athletics,Colorado Rockies,9,23,0,Jeffrey Springs,Tomoyuki Sugano
2026-06-14,San Francisco Giants,Chicago Cubs,5,1,1,Logan Webb,Ryan Rolison
2026-06-14,Los Angeles Angels,Tampa Bay Rays,3,8,0,Grayson Rodriguez,Casey Legumina
2026-06-14,Boston Red Sox,Texas Rangers,4,6,0,Connelly Early,Nathan Eovaldi
2026-06-15,Philadelphia Phillies,Miami Marlins,7,0,1,Zack Wheeler,Ryan Gusto
2026-06-15,Washington Nationals,Kansas City Royals,7,3,1,Andrew Alvarez,Mitch Spence
2026-06-15,Cincinnati Reds,New York Mets,12,0,1,Chase Burns,Tobias Myers
2026-06-15,St. Louis Cardinals,San Diego Padres,3,0,1,Dustin May,Wandy Peralta
2026-06-15,Chicago Cubs,Colorado Rockies,5,4,1,Shota Imanaga,Michael Lorenzen
2026-06-15,Texas Rangers,Minnesota Twins,2,4,0,MacKenzie Gore,Mike Paredes
2026-06-15,Houston Astros,Detroit Tigers,3,9,0,Kai-Wei Teng,Drew Anderson
2026-06-15,Arizona Diamondbacks,Los Angeles Angels,4,3,1,Ryne Nelson,Walbert Ureña
2026-06-15,Athletics,Pittsburgh Pirates,11,2,1,J.T. Ginn,Jared Jones
2026-06-15,Los Angeles Dodgers,Tampa Bay Rays,4,3,1,Eric Lauer,Nick Martinez
2026-06-16,Philadelphia Phillies,Miami Marlins,8,2,1,Jesús Luzardo,Tyler Phillips
2026-06-16,Washington Nationals,Kansas City Royals,6,4,1,Foster Griffin,Michael Wacha
2026-06-16,Boston Red Sox,Toronto Blue Jays,1,6,0,Payton Tolle,Dylan Cease
2026-06-16,New York Yankees,Chicago White Sox,12,2,1,Gerrit Cole,Davis Martin
2026-06-16,Cincinnati Reds,New York Mets,5,3,1,Brady Singer,Kodai Senga
2026-06-16,Atlanta Braves,San Francisco Giants,2,7,0,Grant Holmes,Adrian Houser
2026-06-16,Milwaukee Brewers,Cleveland Guardians,2,1,1,Robert Gasser,Slade Cecconi
2026-06-16,St. Louis Cardinals,San Diego Padres,3,2,1,Andre Pallante,Michael King
2026-06-16,Chicago Cubs,Colorado Rockies,2,5,0,Edward Cabrera,Ryan Feltner
2026-06-16,Texas Rangers,Minnesota Twins,2,12,0,Kumar Rocker,Zebby Matthews
2026-06-16,Houston Astros,Detroit Tigers,4,2,1,Hunter Brown,Framber Valdez
2026-06-16,Arizona Diamondbacks,Los Angeles Angels,0,7,0,Merrill Kelly,Reid Detmers
2026-06-16,Athletics,Pittsburgh Pirates,5,6,0,Jack Perkins,Mitch Keller
2026-06-16,Seattle Mariners,Baltimore Orioles,3,1,1,Logan Gilbert,Brandon Young
2026-06-16,Los Angeles Dodgers,Tampa Bay Rays,1,0,1,Justin Wrobleski,Drew Rasmussen
2026-06-17,Cincinnati Reds,New York Mets,1,9,0,Nick Lodolo,Nolan McLean
2026-06-17,Washington Nationals,Kansas City Royals,2,6,0,Zack Littell,Luinder Avila
2026-06-17,Philadelphia Phillies,Miami Marlins,4,12,0,Andrew Painter,Sandy Alcantara
2026-06-17,Atlanta Braves,San Francisco Giants,2,7,0,Grant Holmes,Adrian Houser
2026-06-17,Houston Astros,Detroit Tigers,4,2,1,Peter Lambert,Casey Mize
2026-06-17,St. Louis Cardinals,San Diego Padres,1,6,0,Kyle Leahy,Bradgley Rodriguez
2026-06-17,Los Angeles Dodgers,Tampa Bay Rays,5,4,1,Shohei Ohtani,Shane McClanahan
2026-06-17,Arizona Diamondbacks,Los Angeles Angels,8,1,1,Eduardo Rodriguez,Sam Aldegheri
2026-06-17,Boston Red Sox,Toronto Blue Jays,0,3,0,Jake Bennett,Braydon Fisher
2026-06-17,New York Yankees,Chicago White Sox,10,5,1,Carlos Rodón,Anthony Kay
2026-06-17,Atlanta Braves,San Francisco Giants,5,7,0,JR Ritchie,Carson Whisenhunt
2026-06-17,Milwaukee Brewers,Cleveland Guardians,9,4,1,Brandon Sproat,Gavin Williams
2026-06-17,Chicago Cubs,Colorado Rockies,8,6,1,Javier Assad,Sean Sullivan
2026-06-17,Athletics,Pittsburgh Pirates,4,12,0,Aaron Civale,Braxton Ashcraft
2026-06-17,Seattle Mariners,Baltimore Orioles,3,5,0,George Kirby,Kyle Bradish
2026-06-18,Boston Red Sox,Toronto Blue Jays,3,4,0,Sonny Gray,Trey Yesavage
2026-06-18,Milwaukee Brewers,Cleveland Guardians,2,4,0,Shane Drohan,Parker Messick
2026-06-18,Texas Rangers,Minnesota Twins,3,9,0,Jack Leiter,Joe Ryan
2026-06-18,Seattle Mariners,Baltimore Orioles,3,0,1,Bryan Woo,Shane Baz
2026-06-18,Philadelphia Phillies,New York Mets,4,6,0,Aaron Nola,Sean Manaea
2026-06-18,New York Yankees,Chicago White Sox,1,5,0,Ryan Weathers,Bryan Hudson
2026-06-18,Kansas City Royals,St. Louis Cardinals,14,6,1,Noah Cameron,Matthew Liberatore
2026-06-18,Athletics,Los Angeles Angels,5,0,1,Gage Jump,Ryan Johnson
2026-06-19,Chicago Cubs,Toronto Blue Jays,16,2,1,Ben Brown,Kevin Gausman
2026-06-19,Detroit Tigers,Chicago White Sox,4,3,1,Tarik Skubal,Brandon Eisert
2026-06-19,New York Yankees,Cincinnati Reds,5,0,1,Cam Schlittler,Rhett Lowder
2026-06-19,Tampa Bay Rays,Washington Nationals,5,2,1,Griffin Jax,PJ Poulin
2026-06-19,Miami Marlins,San Francisco Giants,4,3,1,Lake Bachar,Landen Roupp
2026-06-19,Atlanta Braves,Milwaukee Brewers,3,2,1,Martín Pérez,Jacob Misiorowski
2026-06-19,Texas Rangers,San Diego Padres,9,7,1,Jacob deGrom,Randy Vásquez
2026-06-19,Houston Astros,Cleveland Guardians,9,3,1,Tatsuya Imai,Tanner Bibee
2026-06-19,Kansas City Royals,St. Louis Cardinals,6,5,1,Seth Lugo,Michael McGreevy
2026-06-19,Colorado Rockies,Pittsburgh Pirates,4,3,1,Kyle Freeland,Bubba Chandler
2026-06-19,Athletics,Los Angeles Angels,12,11,1,Jeffrey Springs,José Soriano
2026-06-19,Arizona Diamondbacks,Minnesota Twins,9,5,1,Michael Soroka,Connor Prielipp
2026-06-19,Los Angeles Dodgers,Baltimore Orioles,6,5,1,Roki Sasaki,Trey Gibson
2026-06-19,Seattle Mariners,Boston Red Sox,2,6,0,Bryce Miller,Ranger Suarez
2026-06-20,Detroit Tigers,Chicago White Sox,4,1,1,Troy Melton,Sean Newcomb
2026-06-20,New York Yankees,Cincinnati Reds,2,10,0,Will Warren,Andrew Abbott
2026-06-20,Chicago Cubs,Toronto Blue Jays,6,8,0,Colin Rea,Patrick Corbin
2026-06-20,Texas Rangers,San Diego Padres,4,6,0,MacKenzie Gore,Walker Buehler
2026-06-20,Tampa Bay Rays,Washington Nationals,3,4,0,Ian Seymour,Cade Cavalli
2026-06-20,Miami Marlins,San Francisco Giants,6,3,1,Max Meyer,Trevor McDonald
2026-06-20,Atlanta Braves,Milwaukee Brewers,4,3,1,Chris Sale,Kyle Harrison
2026-06-20,Houston Astros,Cleveland Guardians,1,8,0,Spencer Arrighetti,Joey Cantillo
2026-06-20,Philadelphia Phillies,New York Mets,15,3,1,Cristopher Sánchez,Freddy Peralta
2026-06-20,Colorado Rockies,Pittsburgh Pirates,2,1,1,Tomoyuki Sugano,Paul Skenes
2026-06-20,Athletics,Los Angeles Angels,0,7,0,J.T. Ginn,Walbert Ureña
2026-06-20,Los Angeles Dodgers,Baltimore Orioles,2,3,0,Yoshinobu Yamamoto,Trevor Rogers
2026-06-20,Seattle Mariners,Boston Red Sox,1,5,0,Emerson Hancock,Connelly Early
2026-06-20,Arizona Diamondbacks,Minnesota Twins,8,16,0,Zac Gallen,Taj Bradley
2026-06-21,New York Yankees,Cincinnati Reds,1,4,0,Elmer Rodríguez,Chase Burns
2026-06-21,Atlanta Braves,Milwaukee Brewers,4,9,0,Bryce Elder,Robert Gasser
2026-06-21,Tampa Bay Rays,Washington Nationals,4,3,1,Nick Martinez,Andrew Alvarez
2026-06-21,Detroit Tigers,Chicago White Sox,5,4,1,Keider Montero,Davis Martin
2026-06-21,Miami Marlins,San Francisco Giants,2,1,1,Ryan Gusto,Logan Webb
2026-06-21,Houston Astros,Cleveland Guardians,2,1,1,Kai-Wei Teng,Slade Cecconi
2026-06-21,Kansas City Royals,St. Louis Cardinals,10,12,0,Stephen Kolek,Dustin May
2026-06-21,Texas Rangers,San Diego Padres,4,3,1,Nathan Eovaldi,Wandy Peralta
2026-06-21,Colorado Rockies,Pittsburgh Pirates,6,8,0,Michael Lorenzen,Jared Jones
2026-06-21,Arizona Diamondbacks,Minnesota Twins,2,4,0,Jose Cabrera,Mike Paredes
2026-06-21,Athletics,Los Angeles Angels,7,9,0,Jack Perkins,Reid Detmers
2026-06-21,Los Angeles Dodgers,Baltimore Orioles,1,12,0,Emmet Sheehan,Brandon Young
2026-06-21,Seattle Mariners,Boston Red Sox,3,1,1,Logan Gilbert,Payton Tolle
2026-06-21,Philadelphia Phillies,New York Mets,6,2,1,Zack Wheeler,David Peterson
2026-06-22,Detroit Tigers,New York Yankees,5,3,1,Framber Valdez,Gerrit Cole
2026-06-22,Tampa Bay Rays,Kansas City Royals,1,2,0,Drew Rasmussen,Michael Wacha
2026-06-22,Miami Marlins,Texas Rangers,3,4,0,Tyler Phillips,Tyler Alexander
2026-06-22,Washington Nationals,Philadelphia Phillies,4,1,1,Foster Griffin,Tim Mayza
2026-06-22,Toronto Blue Jays,Houston Astros,4,2,1,Dylan Cease,Hunter Brown
2026-06-22,Cincinnati Reds,Milwaukee Brewers,1,2,0,Brady Singer,Brandon Woodruff
2026-06-22,Minnesota Twins,Los Angeles Dodgers,1,2,0,Zebby Matthews,Will Klein
2026-06-22,Chicago White Sox,Cleveland Guardians,6,5,1,Anthony Kay,Gavin Williams
2026-06-22,St. Louis Cardinals,Arizona Diamondbacks,3,2,1,Andre Pallante,Merrill Kelly
2026-06-22,Colorado Rockies,Boston Red Sox,3,2,1,Ryan Feltner,Jake Bennett
2026-06-22,Los Angeles Angels,Baltimore Orioles,1,6,0,Sam Aldegheri,Kyle Bradish
2026-06-22,San Diego Padres,Atlanta Braves,1,0,1,Michael King,Grant Holmes
2026-06-23,Toronto Blue Jays,Houston Astros,7,9,0,Shane Bieber,Peter Lambert
2026-06-23,Pittsburgh Pirates,Seattle Mariners,2,3,0,Mitch Keller,George Kirby
2026-06-23,Tampa Bay Rays,Kansas City Royals,5,12,0,Shane McClanahan,Luinder Avila
2026-06-23,Miami Marlins,Texas Rangers,6,4,1,Sandy Alcantara,Cal Quantrill
2026-06-23,Detroit Tigers,New York Yankees,3,4,0,Casey Mize,Carlos Rodón
2026-06-23,Washington Nationals,Philadelphia Phillies,9,14,0,PJ Poulin,Jesús Luzardo
2026-06-23,New York Mets,Chicago Cubs,6,9,0,Kodai Senga,Edward Cabrera
2026-06-23,Cincinnati Reds,Milwaukee Brewers,0,2,0,Nick Lodolo,Brandon Sproat
2026-06-23,Minnesota Twins,Los Angeles Dodgers,3,12,0,Kendry Rojas,Justin Wrobleski
2026-06-23,Chicago White Sox,Cleveland Guardians,2,1,1,Sean Burke,Parker Messick
2026-06-23,St. Louis Cardinals,Arizona Diamondbacks,3,4,0,Kyle Leahy,Eduardo Rodriguez
2026-06-23,Colorado Rockies,Boston Red Sox,2,5,0,Sean Sullivan,Sonny Gray
2026-06-23,Los Angeles Angels,Baltimore Orioles,5,1,1,Ryan Johnson,Shane Baz
2026-06-23,San Diego Padres,Atlanta Braves,7,6,1,Wandy Peralta,JR Ritchie
2026-06-23,San Francisco Giants,Athletics,3,1,1,Robbie Ray,Aaron Civale
2026-06-24,Miami Marlins,Texas Rangers,4,2,1,Eury Pérez,Jacob deGrom
2026-06-24,New York Mets,Chicago Cubs,3,10,0,Nolan McLean,Javier Assad
2026-06-24,New York Mets,Chicago Cubs,5,10,0,Sean Manaea,Shota Imanaga
2026-06-24,Chicago White Sox,Cleveland Guardians,3,4,0,Erick Fedde,Tanner Bibee
2026-06-24,Colorado Rockies,Boston Red Sox,8,6,1,Kyle Freeland,Ranger Suarez
2026-06-24,Los Angeles Angels,Baltimore Orioles,7,6,1,José Soriano,Trey Gibson
2026-06-24,Pittsburgh Pirates,Seattle Mariners,11,1,1,Braxton Ashcraft,Bryan Woo
2026-06-24,Tampa Bay Rays,Kansas City Royals,5,3,1,Griffin Jax,Noah Cameron
2026-06-24,Detroit Tigers,New York Yankees,2,4,0,Tarik Skubal,Ryan Weathers
2026-06-24,Washington Nationals,Philadelphia Phillies,4,5,0,Carson Palmquist,Aaron Nola
2026-06-24,Toronto Blue Jays,Houston Astros,1,3,0,Trey Yesavage,Mike Burrows
2026-06-24,Cincinnati Reds,Milwaukee Brewers,5,6,0,Rhett Lowder,Shane Drohan
2026-06-24,Minnesota Twins,Los Angeles Dodgers,3,4,0,Joe Ryan,Shohei Ohtani
2026-06-24,St. Louis Cardinals,Arizona Diamondbacks,4,9,0,Matthew Liberatore,Mitch Bratt
2026-06-24,San Diego Padres,Atlanta Braves,5,2,1,JP Sears,Martín Pérez
2026-06-24,San Francisco Giants,Athletics,2,1,1,Tyler Mahle,Gage Jump
2026-06-25,Tampa Bay Rays,Kansas City Royals,13,2,1,Casey Legumina,Seth Lugo
2026-06-25,Pittsburgh Pirates,Seattle Mariners,5,1,1,Bubba Chandler,Bryce Miller
2026-06-25,San Francisco Giants,Athletics,6,9,0,Landen Roupp,Jeffrey Springs
2026-06-25,Detroit Tigers,Houston Astros,1,2,0,Troy Melton,Tatsuya Imai
2026-06-25,Washington Nationals,Philadelphia Phillies,5,10,0,Cade Cavalli,Cristopher Sánchez
2026-06-25,Toronto Blue Jays,Texas Rangers,5,6,0,Kevin Gausman,MacKenzie Gore
2026-06-25,New York Mets,Chicago Cubs,3,4,0,Freddy Peralta,Matthew Boyd
2026-06-25,Boston Red Sox,New York Yankees,6,3,1,Connelly Early,Cam Schlittler
2026-06-26,Detroit Tigers,Houston Astros,8,0,1,Keider Montero,Spencer Arrighetti
2026-06-26,Pittsburgh Pirates,Cincinnati Reds,4,6,0,Paul Skenes,Andrew Abbott
2026-06-26,Baltimore Orioles,Washington Nationals,3,1,1,Trevor Rogers,Andrew Alvarez
2026-06-26,Toronto Blue Jays,Texas Rangers,4,5,0,Patrick Corbin,Nathan Eovaldi
2026-06-26,Cleveland Guardians,Seattle Mariners,1,3,0,Joey Cantillo,Luis Castillo
2026-06-26,Tampa Bay Rays,Arizona Diamondbacks,6,1,1,Nick Martinez,Zac Gallen
2026-06-26,New York Mets,Philadelphia Phillies,1,2,0,Zac Thornton,Zack Wheeler
2026-06-26,Boston Red Sox,New York Yankees,6,1,1,Payton Tolle,Will Warren
2026-06-26,Chicago White Sox,Kansas City Royals,22,1,1,David Sandlin,Steven Cruz
2026-06-26,Milwaukee Brewers,Chicago Cubs,6,2,1,Jacob Misiorowski,Colin Rea
2026-06-26,Minnesota Twins,Colorado Rockies,9,8,1,Taj Bradley,Tomoyuki Sugano
2026-06-26,St. Louis Cardinals,Miami Marlins,0,4,0,Michael McGreevy,Max Meyer
2026-06-26,Los Angeles Angels,Athletics,3,9,0,Walbert Ureña,J.T. Ginn
2026-06-26,San Diego Padres,Los Angeles Dodgers,7,1,1,Walker Buehler,Roki Sasaki
2026-06-26,San Francisco Giants,Atlanta Braves,1,3,0,Trevor McDonald,Reynaldo López
2026-06-27,Detroit Tigers,Houston Astros,6,8,0,Framber Valdez,Kai-Wei Teng
2026-06-27,Boston Red Sox,New York Yankees,4,1,1,Jake Bennett,Gerrit Cole
2026-06-27,Toronto Blue Jays,Texas Rangers,4,7,0,Dylan Cease,Cal Quantrill
2026-06-27,Pittsburgh Pirates,Cincinnati Reds,7,9,0,Jared Jones,Chase Burns
2026-06-27,New York Mets,Philadelphia Phillies,6,2,1,Christian Scott,Tim Mayza
2026-06-27,Chicago White Sox,Kansas City Royals,2,1,1,Davis Martin,Michael Wacha
2026-06-27,Tampa Bay Rays,Arizona Diamondbacks,4,2,1,Cole Sulser,Jose Cabrera
2026-06-27,Baltimore Orioles,Washington Nationals,3,4,0,Brandon Young,Foster Griffin
2026-06-27,Cleveland Guardians,Seattle Mariners,4,3,1,Slade Cecconi,Logan Gilbert
2026-06-27,Minnesota Twins,Colorado Rockies,5,8,0,Mike Paredes,Michael Lorenzen
2026-06-27,Milwaukee Brewers,Chicago Cubs,2,8,0,Kyle Harrison,David Peterson
2026-06-27,St. Louis Cardinals,Miami Marlins,1,5,0,Andre Pallante,Ryan Gusto
2026-06-27,San Diego Padres,Los Angeles Dodgers,3,15,0,Kyle Hart,Yoshinobu Yamamoto
2026-06-27,San Francisco Giants,Atlanta Braves,5,0,1,Logan Webb,Bryce Elder
2026-06-27,Los Angeles Angels,Athletics,5,2,1,Reid Detmers,Jack Perkins
2026-06-28,Baltimore Orioles,Washington Nationals,4,6,0,Kyle Bradish,Zack Littell
2026-06-28,Pittsburgh Pirates,Cincinnati Reds,9,4,1,Mitch Keller,Brady Singer
2026-06-28,Toronto Blue Jays,Texas Rangers,2,3,0,Shane Bieber,Kumar Rocker
2026-06-28,Detroit Tigers,Houston Astros,5,7,0,Jack Flaherty,Hunter Brown
2026-06-28,Cleveland Guardians,Seattle Mariners,6,5,1,Gavin Williams,Emerson Hancock
2026-06-28,Tampa Bay Rays,Arizona Diamondbacks,5,1,1,Drew Rasmussen,Merrill Kelly
2026-06-28,New York Mets,Philadelphia Phillies,4,5,0,Cionel Pérez,Jesús Luzardo
2026-06-28,Minnesota Twins,Colorado Rockies,3,2,1,Connor Prielipp,Ryan Feltner
2026-06-28,Chicago White Sox,Kansas City Royals,4,5,0,Anthony Kay,Luinder Avila
2026-06-28,Milwaukee Brewers,Chicago Cubs,3,4,0,Brandon Woodruff,Ryan Rolison
2026-06-28,St. Louis Cardinals,Miami Marlins,2,1,1,Kyle Leahy,Tyler Phillips
2026-06-28,Los Angeles Angels,Athletics,4,1,1,Sam Aldegheri,Aaron Civale
2026-06-28,San Francisco Giants,Atlanta Braves,3,2,1,Robbie Ray,Chris Sale
2026-06-28,San Diego Padres,Los Angeles Dodgers,2,4,0,Michael King,Emmet Sheehan
2026-06-28,Boston Red Sox,New York Yankees,5,4,1,Sonny Gray,Carlos Rodón
2026-06-29,Baltimore Orioles,Chicago White Sox,2,8,0,Shane Baz,Sean Burke
2026-06-29,Philadelphia Phillies,Pittsburgh Pirates,7,11,0,Aaron Nola,Braxton Ashcraft
2026-06-29,New York Yankees,Detroit Tigers,3,7,0,Ryan Weathers,Casey Mize
2026-06-29,Toronto Blue Jays,New York Mets,2,1,1,Trey Yesavage,Sean Manaea
2026-06-29,Boston Red Sox,Washington Nationals,6,3,1,Ranger Suarez,Miles Mikolas
2026-06-29,Cleveland Guardians,Texas Rangers,3,6,0,Parker Messick,Tyler Alexander
2026-06-29,Milwaukee Brewers,Cincinnati Reds,5,3,1,Robert Gasser,Nick Lodolo
2026-06-29,Chicago Cubs,San Diego Padres,3,2,1,Shota Imanaga,Griffin Canning
2026-06-29,Houston Astros,Minnesota Twins,4,5,0,Peter Lambert,Zebby Matthews
2026-06-29,Colorado Rockies,Miami Marlins,7,10,0,Sean Sullivan,Sandy Alcantara
2026-06-29,Athletics,Los Angeles Dodgers,4,9,0,Gage Jump,Eric Lauer
2026-06-29,Seattle Mariners,Los Angeles Angels,6,2,1,George Kirby,Ryan Johnson
2026-06-29,Arizona Diamondbacks,San Francisco Giants,5,4,1,Eduardo Rodriguez,Tyler Mahle
2026-06-30,Baltimore Orioles,Chicago White Sox,3,9,0,Trey Gibson,Erick Fedde
2026-06-30,Cleveland Guardians,Texas Rangers,2,4,0,Tanner Bibee,Jacob deGrom
2026-06-30,Philadelphia Phillies,Pittsburgh Pirates,8,0,1,Cristopher Sánchez,Bubba Chandler
2026-06-30,New York Yankees,Detroit Tigers,3,9,0,Cam Schlittler,Tarik Skubal
2026-06-30,Toronto Blue Jays,New York Mets,0,3,0,Kevin Gausman,Nolan McLean
2026-06-30,Boston Red Sox,Washington Nationals,1,8,0,Connelly Early,Cade Cavalli
2026-06-30,Atlanta Braves,St. Louis Cardinals,3,5,0,Martín Pérez,Matthew Liberatore
2026-06-30,Kansas City Royals,Tampa Bay Rays,4,10,0,Noah Cameron,Griffin Jax
2026-06-30,Milwaukee Brewers,Cincinnati Reds,7,2,1,Brandon Sproat,Rhett Lowder
2026-06-30,Chicago Cubs,San Diego Padres,9,7,1,Matthew Boyd,JP Sears
2026-06-30,Houston Astros,Minnesota Twins,6,4,1,Mike Burrows,Joe Ryan
2026-06-30,Colorado Rockies,Miami Marlins,3,14,0,Tanner Gordon,Eury Pérez
2026-06-30,Athletics,Los Angeles Dodgers,3,9,0,Jeffrey Springs,Justin Wrobleski
2026-06-30,Seattle Mariners,Los Angeles Angels,8,3,1,Bryan Woo,José Soriano
2026-06-30,Arizona Diamondbacks,San Francisco Giants,8,2,1,Brandon Pfaadt,Landen Roupp
2026-07-01,Baltimore Orioles,Chicago White Sox,6,1,1,Dean Kremer,Noah Schultz
2026-07-01,Cleveland Guardians,Texas Rangers,9,4,1,Joey Cantillo,MacKenzie Gore
2026-07-01,Boston Red Sox,Washington Nationals,2,10,0,Payton Tolle,Brad Lord
2026-07-01,New York Yankees,Detroit Tigers,2,6,0,Will Warren,Troy Melton
2026-07-01,Chicago Cubs,San Diego Padres,23,3,1,Colin Rea,Walker Buehler
2026-07-01,Toronto Blue Jays,New York Mets,9,3,1,Braydon Fisher,Freddy Peralta
2026-07-01,Philadelphia Phillies,Pittsburgh Pirates,10,6,1,Zack Wheeler,Paul Skenes
2026-07-01,Atlanta Braves,St. Louis Cardinals,5,1,1,Reynaldo López,Michael McGreevy
2026-07-01,Kansas City Royals,Tampa Bay Rays,0,4,0,Seth Lugo,Shane McClanahan
2026-07-01,Houston Astros,Minnesota Twins,3,8,0,Tatsuya Imai,Taj Bradley
2026-07-01,Milwaukee Brewers,Cincinnati Reds,4,2,1,Shane Drohan,Andrew Abbott
2026-07-01,Colorado Rockies,Miami Marlins,6,3,1,Kyle Freeland,Max Meyer
2026-07-01,Athletics,Los Angeles Dodgers,7,1,1,J.T. Ginn,
2026-07-01,Arizona Diamondbacks,San Francisco Giants,4,6,0,Zac Gallen,Trevor McDonald
2026-07-02,Philadelphia Phillies,Pittsburgh Pirates,1,6,0,Alan Rangel,Jared Jones
2026-07-02,Milwaukee Brewers,Cincinnati Reds,2,7,0,Jacob Misiorowski,Chase Burns
2026-07-02,Colorado Rockies,Miami Marlins,14,4,1,Michael Lorenzen,Ryan Gusto
2026-07-02,Cleveland Guardians,Chicago White Sox,6,5,1,Slade Cecconi,Davis Martin
2026-07-02,Atlanta Braves,St. Louis Cardinals,5,11,0,Hurston Waldrep,Dustin May
2026-07-02,Kansas City Royals,Tampa Bay Rays,2,5,0,Stephen Kolek,Ian Seymour
2026-07-02,Texas Rangers,Detroit Tigers,10,4,1,Nathan Eovaldi,Framber Valdez
2026-07-02,Seattle Mariners,Los Angeles Angels,1,0,1,Bryce Miller,Walbert Ureña
2026-07-02,Los Angeles Dodgers,San Diego Padres,12,7,1,Roki Sasaki,Randy Vásquez
2026-07-03,Chicago Cubs,St. Louis Cardinals,1,17,0,David Peterson,Andre Pallante
2026-07-03,Washington Nationals,Pittsburgh Pirates,9,5,1,Foster Griffin,Mitch Keller
2026-07-03,New York Yankees,Minnesota Twins,5,2,1,Gerrit Cole,Mike Paredes
2026-07-03,Cincinnati Reds,Baltimore Orioles,0,3,0,Brady Singer,Trevor Rogers
2026-07-03,Cleveland Guardians,Chicago White Sox,4,3,1,Gavin Williams,Anthony Kay
2026-07-03,Atlanta Braves,New York Mets,5,3,1,Grant Holmes,Christian Scott
2026-07-03,Colorado Rockies,San Francisco Giants,15,3,1,Ryan Feltner,Logan Webb
2026-07-03,Houston Astros,Tampa Bay Rays,1,3,0,Spencer Arrighetti,Nick Martinez
2026-07-03,Los Angeles Angels,Boston Red Sox,2,5,0,Reid Detmers,Jake Bennett
2026-07-03,Athletics,Miami Marlins,5,12,0,Jack Perkins,Tyler Phillips
2026-07-03,Arizona Diamondbacks,Milwaukee Brewers,4,7,0,Jose Cabrera,Kyle Harrison
2026-07-03,Los Angeles Dodgers,San Diego Padres,4,3,1,Shohei Ohtani,Michael King
2026-07-03,Seattle Mariners,Toronto Blue Jays,0,2,0,Luis Castillo,Dylan Cease
2026-07-04,Washington Nationals,Pittsburgh Pirates,1,7,0,Carson Palmquist,Braxton Ashcraft
2026-07-04,New York Yankees,Minnesota Twins,4,11,0,Brendan Beck,Zebby Matthews
2026-07-04,Texas Rangers,Detroit Tigers,0,3,0,Cal Quantrill,Jack Flaherty
2026-07-04,Seattle Mariners,Toronto Blue Jays,11,0,1,Logan Gilbert,Shane Bieber
2026-07-04,Cincinnati Reds,Baltimore Orioles,5,8,0,Hunter Greene,Brandon Young
2026-07-04,Houston Astros,Tampa Bay Rays,10,8,1,Hunter Brown,Drew Rasmussen
2026-07-04,Cleveland Guardians,Chicago White Sox,1,3,0,Parker Messick,Sean Burke
2026-07-04,Chicago Cubs,St. Louis Cardinals,0,3,0,Shota Imanaga,Kyle Leahy
2026-07-04,Atlanta Braves,New York Mets,14,3,1,Chris Sale,Sean Manaea
2026-07-04,Colorado Rockies,San Francisco Giants,4,6,0,Sean Sullivan,Robbie Ray
2026-07-04,Kansas City Royals,Philadelphia Phillies,1,6,0,Michael Wacha,Jesús Luzardo
2026-07-04,Los Angeles Angels,Boston Red Sox,1,8,0,Sam Aldegheri,Sonny Gray
2026-07-04,Athletics,Miami Marlins,2,7,0,Aaron Civale,Sandy Alcantara
2026-07-04,Arizona Diamondbacks,Milwaukee Brewers,4,3,1,Merrill Kelly,Brandon Woodruff
2026-07-04,Los Angeles Dodgers,San Diego Padres,3,0,1,Yoshinobu Yamamoto,Wandy Peralta
2026-07-05,Atlanta Braves,New York Mets,9,10,0,Martín Pérez,Nolan McLean
2026-07-05,Washington Nationals,Pittsburgh Pirates,5,11,0,Cade Cavalli,Bubba Chandler
2026-07-05,Cincinnati Reds,Baltimore Orioles,3,2,1,Nick Lodolo,Kyle Bradish
2026-07-05,New York Yankees,Minnesota Twins,1,6,0,Ryan Weathers,Joe Ryan
2026-07-05,Cleveland Guardians,Chicago White Sox,6,7,0,Tanner Bibee,Chris Murphy
2026-07-05,Chicago Cubs,St. Louis Cardinals,6,4,1,Javier Assad,Matthew Liberatore
2026-07-05,Kansas City Royals,Philadelphia Phillies,5,2,1,Luinder Avila,Aaron Nola
2026-07-05,Houston Astros,Tampa Bay Rays,2,0,1,Peter Lambert,Mason Englert
2026-07-05,Texas Rangers,Detroit Tigers,3,6,0,Kumar Rocker,Casey Mize
2026-07-05,Colorado Rockies,San Francisco Giants,7,6,1,Tanner Gordon,Tyler Mahle
2026-07-05,Arizona Diamondbacks,Milwaukee Brewers,2,3,0,Eduardo Rodriguez,Brandon Sproat
2026-07-05,Athletics,Miami Marlins,8,9,0,Gage Jump,Eury Pérez
2026-07-05,Seattle Mariners,Toronto Blue Jays,4,0,1,Emerson Hancock,Trey Yesavage
2026-07-05,Los Angeles Dodgers,San Diego Padres,2,5,0,Emmet Sheehan,JP Sears
2026-07-05,Los Angeles Angels,Boston Red Sox,5,7,0,Ryan Johnson,Ranger Suarez
2026-07-06,Kansas City Royals,Philadelphia Phillies,15,1,1,Noah Cameron,Cristopher Sánchez
2026-07-06,Tampa Bay Rays,New York Yankees,1,5,0,Griffin Jax,Cam Schlittler
2026-07-06,Washington Nationals,Houston Astros,12,11,1,Miles Mikolas,Mike Burrows
2026-07-06,Atlanta Braves,New York Mets,6,7,0,Reynaldo López,Freddy Peralta
2026-07-06,St. Louis Cardinals,Milwaukee Brewers,3,4,0,Dustin May,Shane Drohan
2026-07-06,San Diego Padres,Arizona Diamondbacks,0,8,0,Walker Buehler,Brandon Pfaadt
2026-07-06,San Francisco Giants,Toronto Blue Jays,10,1,1,Landen Roupp,Kevin Gausman
2026-07-06,Los Angeles Dodgers,Colorado Rockies,8,7,1,Eric Lauer,Kyle Freeland
2026-07-07,St. Louis Cardinals,Milwaukee Brewers,3,4,0,Matt Svanson,Jacob Misiorowski
2026-07-07,St. Louis Cardinals,Milwaukee Brewers,2,10,0,Hunter Dobbins,Robert Gasser
2026-07-07,Baltimore Orioles,Chicago Cubs,2,5,0,Shane Baz,Matthew Boyd
2026-07-07,Detroit Tigers,Athletics,6,2,1,Tarik Skubal,J.T. Ginn
2026-07-07,Pittsburgh Pirates,Atlanta Braves,12,4,1,Paul Skenes,Hurston Waldrep
2026-07-07,Miami Marlins,Seattle Mariners,6,5,1,Max Meyer,Bryan Woo
2026-07-07,Tampa Bay Rays,New York Yankees,6,4,1,Ian Seymour,Will Warren
2026-07-07,Washington Nationals,Houston Astros,3,6,0,Andrew Alvarez,Tatsuya Imai
2026-07-07,New York Mets,Kansas City Royals,12,16,0,Cionel Pérez,Seth Lugo
2026-07-07,Cincinnati Reds,Philadelphia Phillies,1,4,0,Andrew Abbott,Zack Wheeler
2026-07-07,Minnesota Twins,Cleveland Guardians,3,1,1,Taj Bradley,Joey Cantillo
2026-07-07,Chicago White Sox,Boston Red Sox,1,8,0,Noah Schultz,Payton Tolle
2026-07-07,Texas Rangers,Los Angeles Angels,8,3,1,Jacob deGrom,José Soriano
2026-07-07,San Diego Padres,Arizona Diamondbacks,4,1,1,Germán Márquez,Zac Gallen
2026-07-07,San Francisco Giants,Toronto Blue Jays,3,9,0,Trevor McDonald,Spencer Miles
2026-07-07,Los Angeles Dodgers,Colorado Rockies,3,4,0,Justin Wrobleski,Michael Lorenzen
2026-07-08,San Francisco Giants,Toronto Blue Jays,0,10,0,Logan Webb,Dylan Cease
2026-07-08,Baltimore Orioles,Chicago Cubs,7,9,0,Dean Kremer,Colin Rea
2026-07-08,Detroit Tigers,Athletics,6,1,1,Troy Melton,Jeffrey Springs
2026-07-08,Pittsburgh Pirates,Atlanta Braves,0,3,0,Jared Jones,Grant Holmes
2026-07-08,Miami Marlins,Seattle Mariners,2,0,1,Tyler Phillips,George Kirby
2026-07-08,Tampa Bay Rays,New York Yankees,3,0,1,Shane McClanahan,Gerrit Cole
2026-07-08,Washington Nationals,Houston Astros,8,2,1,Foster Griffin,Spencer Arrighetti
2026-07-08,New York Mets,Kansas City Royals,6,2,1,Christian Scott,Steven Cruz
2026-07-08,Cincinnati Reds,Philadelphia Phillies,11,5,1,Chase Burns,Alan Rangel
2026-07-08,Minnesota Twins,Cleveland Guardians,6,5,1,Connor Prielipp,Slade Cecconi
2026-07-08,Chicago White Sox,Boston Red Sox,0,5,0,Davis Martin,Jake Bennett
2026-07-08,St. Louis Cardinals,Milwaukee Brewers,5,1,1,Michael McGreevy,Kyle Harrison
2026-07-08,Texas Rangers,Los Angeles Angels,1,13,0,MacKenzie Gore,Walbert Ureña
2026-07-08,Los Angeles Dodgers,Colorado Rockies,4,3,1,Roki Sasaki,Gabriel Hughes
2026-07-08,San Diego Padres,Arizona Diamondbacks,10,4,1,Michael King,Jose Cabrera
2026-07-09,Pittsburgh Pirates,Atlanta Braves,5,10,0,Mitch Keller,Bryce Elder
2026-07-09,New York Mets,Kansas City Royals,7,3,1,Sean Manaea,Michael Wacha
2026-07-09,Tampa Bay Rays,New York Yankees,4,12,0,Drew Rasmussen,Paul Blackburn
2026-07-09,Baltimore Orioles,Chicago Cubs,3,2,1,Trevor Rogers,David Peterson
2026-07-09,Minnesota Twins,Cleveland Guardians,2,5,0,Bailey Ober,Gavin Williams
2026-07-09,Chicago White Sox,Boston Red Sox,1,2,0,Anthony Kay,Patrick Sandoval
2026-07-09,Detroit Tigers,Athletics,4,1,1,Framber Valdez,José Suarez
2026-07-09,Miami Marlins,Seattle Mariners,8,4,1,Janson Junk,Bryce Miller
2026-07-09,Cincinnati Reds,Philadelphia Phillies,0,1,0,Brady Singer,Jesús Luzardo
2026-07-09,St. Louis Cardinals,Milwaukee Brewers,4,8,0,Andre Pallante,Logan Henderson
2026-07-09,Texas Rangers,Los Angeles Angels,7,6,1,Nathan Eovaldi,Reid Detmers
2026-07-09,San Diego Padres,Arizona Diamondbacks,1,3,0,Griffin Canning,Merrill Kelly
2026-07-09,San Francisco Giants,Colorado Rockies,8,2,1,Carson Whisenhunt,Ryan Feltner
2026-07-10,Detroit Tigers,Philadelphia Phillies,10,2,1,Jack Flaherty,Aaron Nola
2026-07-10,Washington Nationals,New York Yankees,3,5,0,Carson Palmquist,Ryan Weathers
2026-07-10,Baltimore Orioles,Kansas City Royals,5,3,1,Brandon Young,Luinder Avila
2026-07-10,Cincinnati Reds,Chicago Cubs,4,0,1,Hunter Greene,Shota Imanaga
2026-07-10,Tampa Bay Rays,Seattle Mariners,7,2,1,Nick Martinez,Luis Castillo
2026-07-10,Miami Marlins,Cleveland Guardians,2,3,0,Sandy Alcantara,Parker Messick
2026-07-10,New York Mets,Boston Red Sox,2,6,0,Nolan McLean,Sonny Gray
2026-07-10,Chicago White Sox,Athletics,14,1,1,Sean Burke,Jacob Lopez
2026-07-10,Texas Rangers,Houston Astros,7,3,1,Cal Quantrill,Hunter Brown
2026-07-10,Minnesota Twins,Los Angeles Angels,3,4,0,Zebby Matthews,Grayson Rodriguez
2026-07-10,St. Louis Cardinals,Atlanta Braves,2,1,1,Kyle Leahy,Chris Sale
2026-07-10,San Diego Padres,Toronto Blue Jays,3,5,0,JP Sears,Shane Bieber
2026-07-10,Los Angeles Dodgers,Arizona Diamondbacks,3,9,0,Kyle Hurt,Eduardo Rodriguez
2026-07-10,San Francisco Giants,Colorado Rockies,3,4,0,Robbie Ray,Tanner Gordon
2026-07-11,Pittsburgh Pirates,Milwaukee Brewers,7,6,1,Braxton Ashcraft,Brandon Sproat
2026-07-11,Pittsburgh Pirates,Milwaukee Brewers,3,2,1,Bubba Chandler,Shane Drohan
2026-07-11,Minnesota Twins,Los Angeles Angels,5,3,1,Joe Ryan,Ryan Johnson
2026-07-11,Chicago White Sox,Athletics,1,0,1,Bryan Hudson,Gage Jump
2026-07-11,San Francisco Giants,Colorado Rockies,4,2,1,Tyler Mahle,Kyle Freeland
2026-07-11,Washington Nationals,New York Yankees,2,4,0,PJ Poulin,Cam Schlittler
2026-07-11,New York Mets,Boston Red Sox,0,4,0,Freddy Peralta,Eduardo Rivera
2026-07-11,Tampa Bay Rays,Seattle Mariners,6,1,1,Griffin Jax,Logan Gilbert
2026-07-11,Miami Marlins,Cleveland Guardians,1,4,0,Eury Pérez,Tanner Bibee
2026-07-11,Detroit Tigers,Philadelphia Phillies,2,4,0,Casey Mize,Cristopher Sánchez
2026-07-11,Baltimore Orioles,Kansas City Royals,6,1,1,Kyle Bradish,Noah Cameron
2026-07-11,Texas Rangers,Houston Astros,3,9,0,Kumar Rocker,Peter Lambert
2026-07-11,Cincinnati Reds,Chicago Cubs,3,5,0,Nick Lodolo,Javier Assad
2026-07-11,St. Louis Cardinals,Atlanta Braves,4,1,1,Matthew Liberatore,Reynaldo López
2026-07-11,San Diego Padres,Toronto Blue Jays,8,7,1,Walker Buehler,Trey Yesavage
2026-07-11,Los Angeles Dodgers,Arizona Diamondbacks,2,9,0,Yoshinobu Yamamoto,Brandon Pfaadt
2026-07-12,Pittsburgh Pirates,Milwaukee Brewers,14,5,1,Paul Skenes,Robert Gasser
2026-07-12,Baltimore Orioles,Kansas City Royals,8,2,1,Shane Baz,Seth Lugo
2026-07-12,Washington Nationals,New York Yankees,3,5,0,Cade Cavalli,Will Warren
2026-07-12,Cincinnati Reds,Chicago Cubs,4,8,0,Andrew Abbott,Matthew Boyd
2026-07-12,New York Mets,Boston Red Sox,2,3,0,Zac Thornton,Payton Tolle
2026-07-12,Tampa Bay Rays,Seattle Mariners,2,8,0,Ian Seymour,Emerson Hancock
2026-07-12,Detroit Tigers,Philadelphia Phillies,0,5,0,Tarik Skubal,Zack Wheeler
2026-07-12,Miami Marlins,Cleveland Guardians,2,5,0,Tyler Phillips,Joey Cantillo
2026-07-12,Minnesota Twins,Los Angeles Angels,4,2,1,Taj Bradley,José Soriano
2026-07-12,Chicago White Sox,Athletics,9,1,1,Noah Schultz,J.T. Ginn
2026-07-12,St. Louis Cardinals,Atlanta Braves,3,4,0,Dustin May,Danny Young
2026-07-12,Texas Rangers,Houston Astros,6,5,1,MacKenzie Gore,Cristian Javier
2026-07-12,San Francisco Giants,Colorado Rockies,3,1,1,Trevor McDonald,Michael Lorenzen
2026-07-12,Los Angeles Dodgers,Arizona Diamondbacks,3,5,0,Emmet Sheehan,Mitch Bratt
2026-07-12,San Diego Padres,Toronto Blue Jays,5,4,1,Germán Márquez,Kevin Gausman
2026-07-16,Philadelphia Phillies,New York Mets,1,4,0,Aaron Nola,Christian Scott
2026-07-17,Boston Red Sox,Tampa Bay Rays,10,0,1,Jake Bennett,Griffin Jax
2026-07-17,Boston Red Sox,Tampa Bay Rays,5,3,1,Eduardo Rivera,Mason Englert
2026-07-17,New York Yankees,Los Angeles Dodgers,1,2,0,Gerrit Cole,Roki Sasaki
2026-07-17,Atlanta Braves,Texas Rangers,15,1,1,Chris Sale,Cal Quantrill
2026-07-17,Toronto Blue Jays,Chicago White Sox,4,12,0,Spencer Miles,Anthony Kay
2026-07-17,Milwaukee Brewers,Miami Marlins,2,1,1,Logan Henderson,Sandy Alcantara
2026-07-17,Chicago Cubs,Minnesota Twins,2,5,0,Colin Rea,Bailey Ober
2026-07-17,Houston Astros,Baltimore Orioles,2,3,0,Peter Lambert,Dean Kremer
2026-07-17,Kansas City Royals,San Diego Padres,7,6,1,Seth Lugo,Michael King
2026-07-17,Colorado Rockies,Cincinnati Reds,2,7,0,Gabriel Hughes,Brady Singer
2026-07-17,Los Angeles Angels,Detroit Tigers,1,2,0,Reid Detmers,Troy Melton
2026-07-17,Athletics,Washington Nationals,4,23,0,Gage Jump,Cade Cavalli
2026-07-17,Arizona Diamondbacks,St. Louis Cardinals,4,5,0,Merrill Kelly,Michael McGreevy
2026-07-17,Seattle Mariners,San Francisco Giants,0,7,0,Bryce Miller,Landen Roupp
2026-07-18,Cleveland Guardians,Pittsburgh Pirates,1,7,0,Gavin Williams,Jared Jones
2026-07-18,Cleveland Guardians,Pittsburgh Pirates,5,3,1,Logan Allen,Mason Montgomery
2026-07-18,Chicago Cubs,Minnesota Twins,6,2,1,Matthew Boyd,Taj Bradley
2026-07-18,Philadelphia Phillies,New York Mets,6,1,1,Jesús Luzardo,Sean Manaea
2026-07-18,Toronto Blue Jays,Chicago White Sox,1,0,1,Shane Bieber,Davis Martin
2026-07-18,Colorado Rockies,Cincinnati Reds,10,3,1,Tomoyuki Sugano,Rhett Lowder
2026-07-18,Houston Astros,Baltimore Orioles,2,4,0,Spencer Arrighetti,Trevor Rogers
2026-07-18,Kansas City Royals,San Diego Padres,6,1,1,Randy Dobnak,Griffin Canning
2026-07-18,Arizona Diamondbacks,St. Louis Cardinals,5,3,1,Brandon Pfaadt,Dustin May
2026-07-18,Boston Red Sox,Tampa Bay Rays,7,6,1,Patrick Sandoval,Ian Seymour
2026-07-18,Atlanta Braves,Texas Rangers,6,7,0,Owen Murphy,MacKenzie Gore
2026-07-18,Milwaukee Brewers,Miami Marlins,8,6,1,Shane Drohan,Max Meyer
2026-07-18,Seattle Mariners,San Francisco Giants,4,3,1,Bryan Woo,Logan Webb
2026-07-18,Athletics,Washington Nationals,15,1,1,J.T. Ginn,Zack Littell
2026-07-18,Los Angeles Angels,Detroit Tigers,0,7,0,Grayson Rodriguez,Tarik Skubal
2026-07-19,Toronto Blue Jays,Chicago White Sox,0,3,0,Trey Yesavage,Sean Burke
2026-07-19,New York Yankees,Los Angeles Dodgers,2,8,0,Cam Schlittler,Yoshinobu Yamamoto
2026-07-19,New York Yankees,Los Angeles Dodgers,2,1,1,Ryan Yarbrough,Will Klein
2026-07-19,Boston Red Sox,Tampa Bay Rays,6,1,1,Sonny Gray,Shane McClanahan
2026-07-19,Philadelphia Phillies,New York Mets,1,6,0,Alan Rangel,Nolan McLean
2026-07-19,Atlanta Braves,Texas Rangers,8,5,1,Grant Holmes,Nathan Eovaldi
2026-07-19,Cleveland Guardians,Pittsburgh Pirates,1,7,0,Joey Cantillo,Paul Skenes
2026-07-19,Houston Astros,Baltimore Orioles,2,5,0,Hunter Brown,Brandon Young
2026-07-19,Kansas City Royals,San Diego Padres,2,19,0,Noah Cameron,Germán Márquez
2026-07-19,Milwaukee Brewers,Miami Marlins,3,1,1,Robert Gasser,Eury Pérez
2026-07-19,Chicago Cubs,Minnesota Twins,10,1,1,Shota Imanaga,Zebby Matthews
2026-07-19,Colorado Rockies,Cincinnati Reds,6,9,0,Ryan Feltner,Hunter Greene
2026-07-19,Athletics,Washington Nationals,2,5,0,Jacob Lopez,Foster Griffin
2026-07-19,Los Angeles Angels,Detroit Tigers,3,2,1,Ryan Johnson,Casey Mize
2026-07-19,Seattle Mariners,San Francisco Giants,6,3,1,Logan Gilbert,Robbie Ray
2026-07-19,Arizona Diamondbacks,St. Louis Cardinals,8,7,1,Eduardo Rodriguez,Andre Pallante
2026-07-20,Cleveland Guardians,Minnesota Twins,13,4,1,Tanner Bibee,Joe Ryan
2026-07-20,New York Yankees,Pittsburgh Pirates,8,5,1,Ryan Weathers,Braxton Ashcraft
2026-07-20,Toronto Blue Jays,Tampa Bay Rays,1,7,0,Dylan Cease,Nick Martinez
2026-07-20,Boston Red Sox,Baltimore Orioles,6,5,1,Payton Tolle,Shane Baz
2026-07-20,Philadelphia Phillies,Los Angeles Dodgers,10,7,1,Cristopher Sánchez,Emmet Sheehan
2026-07-20,Atlanta Braves,San Diego Padres,3,2,1,Bryce Elder,JP Sears
2026-07-20,Kansas City Royals,San Francisco Giants,4,3,1,Michael Wacha,Trevor McDonald
2026-07-20,Milwaukee Brewers,New York Mets,8,3,1,Jacob Misiorowski,Freddy Peralta
2026-07-20,Chicago Cubs,Detroit Tigers,6,8,0,Jameson Taillon,Jack Flaherty
2026-07-20,Texas Rangers,Chicago White Sox,3,10,0,Jacob deGrom,Erick Fedde
2026-07-20,Houston Astros,Miami Marlins,8,5,1,Ronel Blanco,Janson Junk
2026-07-20,Colorado Rockies,Washington Nationals,3,7,0,Kyle Freeland,Andrew Alvarez
2026-07-20,Arizona Diamondbacks,Athletics,2,5,0,Mitch Bratt,Jeffrey Springs
2026-07-20,Seattle Mariners,Cincinnati Reds,8,0,1,George Kirby,Andrew Abbott
2026-07-20,Los Angeles Angels,St. Louis Cardinals,3,2,1,José Soriano,Kyle Leahy
2026-07-21,Cleveland Guardians,Minnesota Twins,5,2,1,Parker Messick,Kendry Rojas
2026-07-21,Philadelphia Phillies,Los Angeles Dodgers,1,2,0,Zack Wheeler,Justin Wrobleski
2026-07-21,Toronto Blue Jays,Tampa Bay Rays,2,12,0,Kevin Gausman,Drew Rasmussen
2026-07-21,Atlanta Braves,San Diego Padres,3,8,0,Reynaldo López,Walker Buehler
2026-07-21,Kansas City Royals,San Francisco Giants,3,2,1,Luinder Avila,Tyler Mahle
2026-07-21,Milwaukee Brewers,New York Mets,0,4,0,Brandon Sproat,Zac Thornton
2026-07-21,Chicago Cubs,Detroit Tigers,11,2,1,David Peterson,Framber Valdez
2026-07-21,Texas Rangers,Chicago White Sox,10,0,1,Kumar Rocker,Noah Schultz
2026-07-21,Houston Astros,Miami Marlins,5,3,1,Tatsuya Imai,Tyler Phillips
2026-07-21,Colorado Rockies,Washington Nationals,8,7,1,Michael Lorenzen,Carson Palmquist
2026-07-21,Los Angeles Angels,St. Louis Cardinals,5,1,1,Walbert Ureña,Matthew Liberatore
2026-07-21,Arizona Diamondbacks,Athletics,6,5,1,Kohl Drake,Jack Perkins
2026-07-21,Seattle Mariners,Cincinnati Reds,2,4,0,Luis Castillo,Chase Burns
2026-07-22,New York Yankees,Pittsburgh Pirates,3,5,0,Gerrit Cole,Mitch Keller
2026-07-22,New York Yankees,Pittsburgh Pirates,2,0,1,Max Fried,Bubba Chandler
2026-07-22,Boston Red Sox,Baltimore Orioles,6,3,1,Jake Bennett,Dean Kremer
2026-07-22,Boston Red Sox,Baltimore Orioles,1,5,0,Eduardo Rivera,Kyle Bradish
2026-07-22,Kansas City Royals,San Francisco Giants,5,4,1,Seth Lugo,Landen Roupp
2026-07-22,Milwaukee Brewers,New York Mets,4,3,1,Logan Henderson,Christian Scott
2026-07-22,Colorado Rockies,Washington Nationals,0,8,0,Gabriel Hughes,Cade Cavalli
2026-07-22,Arizona Diamondbacks,Athletics,15,5,1,Merrill Kelly,Gage Jump
2026-07-22,Seattle Mariners,Cincinnati Reds,3,5,0,Emerson Hancock,Brady Singer
2026-07-22,Los Angeles Angels,St. Louis Cardinals,0,1,0,Reid Detmers,Hunter Dobbins
2026-07-22,Cleveland Guardians,Minnesota Twins,6,10,0,Slade Cecconi,Bailey Ober
2026-07-22,Philadelphia Phillies,Los Angeles Dodgers,5,9,0,Aaron Nola,Eric Lauer
2026-07-22,Toronto Blue Jays,Tampa Bay Rays,2,4,0,Braydon Fisher,Griffin Jax
2026-07-22,Atlanta Braves,San Diego Padres,7,6,1,Martín Pérez,Michael King
2026-07-22,Texas Rangers,Chicago White Sox,2,4,0,Tyler Alexander,Anthony Kay
2026-07-22,Chicago Cubs,Detroit Tigers,1,5,0,Colin Rea,Keider Montero
2026-07-22,Houston Astros,Miami Marlins,5,2,1,Peter Lambert,Sandy Alcantara
2026-07-23,Atlanta Braves,San Diego Padres,6,5,1,Chris Sale,Kyle Hart
2026-07-23,Cleveland Guardians,Minnesota Twins,1,3,0,Gavin Williams,Taj Bradley
2026-07-23,Toronto Blue Jays,Tampa Bay Rays,3,1,1,Shane Bieber,Casey Legumina
2026-07-23,St. Louis Cardinals,Arizona Diamondbacks,6,10,0,Michael McGreevy,Brandon Pfaadt
2026-07-23,Detroit Tigers,Kansas City Royals,4,3,1,Troy Melton,Randy Dobnak
2026-07-24,Milwaukee Brewers,Colorado Rockies,2,5,0,Shane Drohan,Tomoyuki Sugano
2026-07-24,Detroit Tigers,Kansas City Royals,2,1,1,Tarik Skubal,Beck Way
2026-07-24,Pittsburgh Pirates,Chicago Cubs,2,3,0,Jared Jones,Matthew Boyd
2026-07-24,Washington Nationals,Arizona Diamondbacks,2,3,0,Carson Palmquist,Eduardo Rodriguez
2026-07-24,Philadelphia Phillies,New York Yankees,0,1,0,Jesús Luzardo,Cam Schlittler
2026-07-24,Baltimore Orioles,Atlanta Braves,6,7,0,Trevor Rogers,Grant Holmes
2026-07-24,New York Mets,Los Angeles Dodgers,2,4,0,Sean Manaea,Roki Sasaki
2026-07-24,Tampa Bay Rays,Cleveland Guardians,11,3,1,Shane McClanahan,Joey Cantillo
2026-07-24,Miami Marlins,San Diego Padres,2,4,0,Ryan Gusto,Germán Márquez
2026-07-24,Boston Red Sox,Toronto Blue Jays,6,4,1,Patrick Sandoval,Trey Yesavage
2026-07-24,Chicago White Sox,Houston Astros,5,9,0,Davis Martin,Spencer Arrighetti
2026-07-24,Texas Rangers,Seattle Mariners,5,4,1,MacKenzie Gore,Bryce Miller
2026-07-24,Minnesota Twins,Athletics,0,2,0,Zebby Matthews,Jacob Lopez
2026-07-24,St. Louis Cardinals,Cincinnati Reds,2,4,0,Dustin May,Rhett Lowder
2026-07-24,San Francisco Giants,Los Angeles Angels,7,6,1,Logan Webb,Grayson Rodriguez
2026-07-25,Detroit Tigers,Kansas City Royals,2,3,0,Casey Mize,Michael Wacha
2026-07-25,Washington Nationals,Arizona Diamondbacks,5,3,1,Foster Griffin,Mitch Bratt
2026-07-25,San Francisco Giants,Los Angeles Angels,9,2,1,Robbie Ray,Ryan Johnson
2026-07-25,Boston Red Sox,Toronto Blue Jays,0,6,0,Sonny Gray,Dylan Cease
2026-07-25,Miami Marlins,San Diego Padres,2,7,0,Eury Pérez,Randy Vásquez
2026-07-25,Philadelphia Phillies,New York Yankees,1,3,0,Tim Mayza,Ryan Weathers
2026-07-25,Tampa Bay Rays,Cleveland Guardians,3,0,1,Nick Martinez,Tanner Bibee
2026-07-25,Pittsburgh Pirates,Chicago Cubs,0,11,0,Paul Skenes,Shota Imanaga
2026-07-25,Baltimore Orioles,Atlanta Braves,3,2,1,Brandon Young,Bryce Elder
2026-07-25,Minnesota Twins,Athletics,2,0,1,Kendry Rojas,Brady Basso
2026-07-25,Chicago White Sox,Houston Astros,1,4,0,Sean Burke,Hunter Brown
2026-07-25,Milwaukee Brewers,Colorado Rockies,8,5,1,Robert Gasser,Ryan Feltner
2026-07-25,New York Mets,Los Angeles Dodgers,3,4,0,Nolan McLean,Yoshinobu Yamamoto
2026-07-25,St. Louis Cardinals,Cincinnati Reds,7,0,1,Andre Pallante,Hunter Greene
2026-07-25,Texas Rangers,Seattle Mariners,7,1,1,Nathan Eovaldi,Bryan Woo
2026-07-26,Tampa Bay Rays,Cleveland Guardians,1,0,1,Drew Rasmussen,Parker Messick
2026-07-26,Washington Nationals,Arizona Diamondbacks,10,7,1,Miles Mikolas,Kohl Drake
2026-07-26,Pittsburgh Pirates,Chicago Cubs,8,7,1,Braxton Ashcraft,Jameson Taillon
2026-07-26,Boston Red Sox,Toronto Blue Jays,6,1,1,Ranger Suarez,Kevin Gausman
2026-07-26,Baltimore Orioles,Atlanta Braves,2,3,0,Shane Baz,Reynaldo López
2026-07-26,Detroit Tigers,Kansas City Royals,4,5,0,Framber Valdez,Luinder Avila
2026-07-26,New York Mets,Los Angeles Dodgers,8,3,1,Freddy Peralta,Emmet Sheehan
2026-07-26,Miami Marlins,San Diego Padres,3,5,0,Janson Junk,Walker Buehler
2026-07-26,Minnesota Twins,Athletics,11,8,1,Connor Prielipp,Jeffrey Springs
2026-07-26,Chicago White Sox,Houston Astros,12,3,1,Erick Fedde,Ronel Blanco
2026-07-26,Milwaukee Brewers,Colorado Rockies,11,2,1,Jacob Misiorowski,Kyle Freeland
2026-07-26,St. Louis Cardinals,Cincinnati Reds,3,5,0,Kyle Leahy,Andrew Abbott
2026-07-26,Texas Rangers,Seattle Mariners,4,6,0,Jacob deGrom,Logan Gilbert
2026-07-26,San Francisco Giants,Los Angeles Angels,3,4,0,Carson Whisenhunt,José Soriano
2026-07-26,Philadelphia Phillies,New York Yankees,11,4,1,Cristopher Sánchez,Will Warren
2026-07-27,Texas Rangers,Seattle Mariners,7,3,1,Kumar Rocker,George Kirby
2026-07-27,Detroit Tigers,Baltimore Orioles,5,8,0,Keider Montero,Kyle Bradish
2026-07-27,Pittsburgh Pirates,Arizona Diamondbacks,3,2,1,Mitch Keller,Merrill Kelly
2026-07-27,Miami Marlins,Philadelphia Phillies,8,7,1,Tyler Phillips,Zack Wheeler
2026-07-27,Washington Nationals,Toronto Blue Jays,2,3,0,Eddy Yean,Max Scherzer
2026-07-27,New York Mets,Atlanta Braves,14,3,1,Zac Thornton,Martín Pérez
2026-07-27,Chicago White Sox,New York Yankees,5,9,0,Noah Schultz,Max Fried
2026-07-27,St. Louis Cardinals,Chicago Cubs,3,7,0,Matthew Liberatore,David Peterson
2026-07-27,Los Angeles Angels,Houston Astros,4,6,0,Walbert Ureña,Tatsuya Imai
2026-07-27,Athletics,Boston Red Sox,2,4,0,Jack Perkins,Payton Tolle
2026-07-27,San Francisco Giants,Milwaukee Brewers,3,0,1,Tyler Mahle,Brandon Sproat
2026-07-28,Cincinnati Reds,Cleveland Guardians,5,6,0,Chase Burns,Slade Cecconi
2026-07-28,Cincinnati Reds,Cleveland Guardians,2,0,1,Caleb Ferguson,Gavin Williams
2026-07-28,Detroit Tigers,Baltimore Orioles,14,0,1,Troy Melton,Dean Kremer
2026-07-28,Pittsburgh Pirates,Arizona Diamondbacks,7,8,0,Bubba Chandler,Brandon Pfaadt
2026-07-28,Tampa Bay Rays,Texas Rangers,1,4,0,Griffin Jax,Cal Quantrill
2026-07-28,Miami Marlins,Philadelphia Phillies,1,0,1,Sandy Alcantara,Aaron Nola
2026-07-28,Washington Nationals,Toronto Blue Jays,8,6,1,Cade Cavalli,Shane Bieber
2026-07-28,Minnesota Twins,Kansas City Royals,3,2,1,Taj Bradley,Seth Lugo
2026-07-28,Chicago White Sox,New York Yankees,2,3,0,Anthony Kay,Gerrit Cole
2026-07-28,St. Louis Cardinals,Chicago Cubs,2,10,0,Michael McGreevy,Colin Rea
2026-07-28,Los Angeles Angels,Houston Astros,2,3,0,Reid Detmers,Peter Lambert
2026-07-28,Athletics,Boston Red Sox,4,3,1,Gage Jump,Jake Bennett
2026-07-28,San Diego Padres,Colorado Rockies,8,7,1,Michael King,Michael Lorenzen
2026-07-28,San Francisco Giants,Milwaukee Brewers,2,8,0,Landen Roupp,Logan Henderson
2026-07-28,Los Angeles Dodgers,Seattle Mariners,6,7,0,Justin Wrobleski,Luis Castillo
2026-07-29,Miami Marlins,Philadelphia Phillies,8,6,1,Ryan Gusto,Jesús Luzardo
2026-07-29,Pittsburgh Pirates,Arizona Diamondbacks,0,3,0,Jared Jones,Eduardo Rodriguez
2026-07-29,Washington Nationals,Toronto Blue Jays,2,5,0,Zack Littell,Trey Yesavage
2026-07-29,Detroit Tigers,Baltimore Orioles,9,10,0,Tarik Skubal,Trevor Rogers
2026-07-29,New York Mets,Atlanta Braves,3,2,1,Sean Manaea,AJ Smith-Shawver
2026-07-29,New York Mets,Atlanta Braves,0,1,0,Christian Scott,Chris Sale
2026-07-29,San Francisco Giants,Milwaukee Brewers,16,3,1,Logan Webb,Thomas Pannone
2026-07-29,San Diego Padres,Colorado Rockies,3,1,1,Kyle Hart,Gabriel Hughes
2026-07-29,Tampa Bay Rays,Texas Rangers,3,0,1,Casey Legumina,MacKenzie Gore
2026-07-29,Cincinnati Reds,Cleveland Guardians,1,6,0,Brady Singer,Joey Cantillo
2026-07-29,Minnesota Twins,Kansas City Royals,0,4,0,Joe Ryan,Randy Dobnak
2026-07-29,Chicago White Sox,New York Yankees,6,5,1,Davis Martin,Cam Schlittler
2026-07-29,St. Louis Cardinals,Chicago Cubs,3,2,1,Dustin May,Matthew Boyd
2026-07-29,Los Angeles Angels,Houston Astros,4,7,0,Grayson Rodriguez,Hayden Wesneski
2026-07-29,Athletics,Boston Red Sox,2,4,0,Jacob Lopez,Patrick Sandoval
2026-07-29,Los Angeles Dodgers,Seattle Mariners,4,2,1,Eric Lauer,Emerson Hancock
2026-07-30,Tampa Bay Rays,Texas Rangers,3,2,1,Shane McClanahan,Cole Winn
2026-07-30,Minnesota Twins,Kansas City Royals,4,3,1,Bailey Ober,Noah Cameron
2026-07-30,Chicago White Sox,New York Yankees,2,1,1,Sean Burke,Ryan Weathers
2026-07-30,St. Louis Cardinals,Chicago Cubs,2,4,0,Andre Pallante,Javier Assad
2026-07-30,Cincinnati Reds,Pittsburgh Pirates,3,2,1,Rhett Lowder,Yohan Ramírez
2026-07-30,New York Mets,Miami Marlins,4,2,1,Nolan McLean,Eury Pérez
2026-07-30,Atlanta Braves,Washington Nationals,5,4,1,Grant Holmes,Jake Irvin
2026-07-30,Athletics,Boston Red Sox,4,5,0,Mason Barnett,Sonny Gray
2026-07-30,San Diego Padres,San Francisco Giants,1,4,0,JP Sears,Robbie Ray
2026-07-30,Los Angeles Dodgers,Seattle Mariners,6,2,1,Roki Sasaki,Bryan Woo
2026-07-31,Chicago Cubs,New York Yankees,0,2,0,Shota Imanaga,Will Warren
2026-07-31,Cincinnati Reds,Pittsburgh Pirates,8,7,1,Hunter Greene,Paul Skenes
2026-07-31,Baltimore Orioles,Philadelphia Phillies,6,4,1,Brandon Young,Andrew Painter
2026-07-31,Toronto Blue Jays,St. Louis Cardinals,3,1,1,Dylan Cease,Kyle Leahy
2026-07-31,Cleveland Guardians,Arizona Diamondbacks,1,4,0,Tanner Bibee,Mitch Bratt
2026-07-31,Tampa Bay Rays,Chicago White Sox,1,6,0,Nick Martinez,Erick Fedde
2026-07-31,New York Mets,Miami Marlins,2,5,0,Kodai Senga,Janson Junk
2026-07-31,Atlanta Braves,Washington Nationals,6,2,1,Bryce Elder,Foster Griffin
2026-07-31,Houston Astros,Texas Rangers,11,2,1,Hunter Brown,Nathan Eovaldi
2026-07-31,Colorado Rockies,Kansas City Royals,3,1,1,Tomoyuki Sugano,Michael Wacha
2026-07-31,Los Angeles Angels,Milwaukee Brewers,2,6,0,Ryan Johnson,Shane Drohan
2026-07-31,Athletics,Detroit Tigers,1,13,0,Jeffrey Springs,Tyler Holton
2026-07-31,San Diego Padres,San Francisco Giants,7,0,1,Bradgley Rodriguez,Carson Whisenhunt
2026-07-31,Los Angeles Dodgers,Boston Red Sox,4,9,0,Edgardo Henriquez,Ranger Suarez
2026-07-31,Seattle Mariners,Minnesota Twins,3,5,0,Bryce Miller,Zebby Matthews
2026-08-01,Toronto Blue Jays,St. Louis Cardinals,5,1,1,Kevin Gausman,Quinn Mathews
2026-08-01,Seattle Mariners,Minnesota Twins,4,3,1,Logan Gilbert,Connor Prielipp
2026-08-01,Tampa Bay Rays,Chicago White Sox,1,0,1,Drew Rasmussen,Jordan Hicks
2026-08-01,New York Mets,Miami Marlins,2,6,0,Zac Thornton,Tyler Phillips
2026-08-01,Cincinnati Reds,Pittsburgh Pirates,1,4,0,Andrew Abbott,Braxton Ashcraft
2026-08-01,Baltimore Orioles,Philadelphia Phillies,0,5,0,Shane Baz,Cristopher Sánchez
2026-08-01,Houston Astros,Texas Rangers,5,4,1,Ronel Blanco,Jacob deGrom
2026-08-01,Cleveland Guardians,Arizona Diamondbacks,8,12,0,Parker Messick,Kohl Drake
2026-08-01,Atlanta Braves,Washington Nationals,8,3,1,Martín Pérez,Miles Mikolas
2026-08-01,Chicago Cubs,New York Yankees,5,2,1,David Peterson,Max Fried
2026-08-01,Colorado Rockies,Kansas City Royals,12,6,1,Ryan Feltner,Luinder Avila
2026-08-01,San Diego Padres,San Francisco Giants,6,5,1,Walker Buehler,Tyler Mahle
2026-08-01,Los Angeles Dodgers,Boston Red Sox,2,3,0,Yoshinobu Yamamoto,Payton Tolle
2026-08-01,Los Angeles Angels,Milwaukee Brewers,1,3,0,Brent Suter,Robert Gasser
2026-08-01,Athletics,Detroit Tigers,6,8,0,Jack Perkins,Framber Valdez
2026-08-02,Atlanta Braves,Washington Nationals,4,2,1,JR Ritchie,Cade Cavalli
2026-08-02,Toronto Blue Jays,St. Louis Cardinals,1,5,0,Max Scherzer,Matthew Liberatore
2026-08-02,Cleveland Guardians,Arizona Diamondbacks,5,0,1,Gavin Williams,Merrill Kelly
2026-08-02,Cincinnati Reds,Pittsburgh Pirates,10,2,1,Chase Burns,Mitch Keller
2026-08-02,Tampa Bay Rays,Chicago White Sox,1,9,0,Griffin Jax,Anthony Kay
2026-08-02,New York Mets,Miami Marlins,0,2,0,Robert Stock,Sandy Alcantara
2026-08-02,Houston Astros,Texas Rangers,7,3,1,Peter Lambert,Kumar Rocker
2026-08-02,Chicago Cubs,New York Yankees,1,2,0,Colin Rea,Gerrit Cole
2026-08-02,Colorado Rockies,Kansas City Royals,8,1,1,Kyle Freeland,Seth Lugo
2026-08-02,Los Angeles Angels,Milwaukee Brewers,3,0,1,Walbert Ureña,Jacob Misiorowski
2026-08-02,Athletics,Detroit Tigers,0,11,0,Gage Jump,Keider Montero
2026-08-02,San Diego Padres,San Francisco Giants,5,4,1,Kyle Hart,Landen Roupp
2026-08-02,Seattle Mariners,Minnesota Twins,7,6,1,George Kirby,Taj Bradley
2026-08-02,Los Angeles Dodgers,Boston Red Sox,4,8,0,Emmet Sheehan,Jake Bennett
2026-08-03,Philadelphia Phillies,Washington Nationals,6,3,1,Aaron Nola,Andrew Alvarez
2026-08-03,New York Yankees,St. Louis Cardinals,7,13,0,Cam Schlittler,Michael McGreevy
2026-08-03,Milwaukee Brewers,Pittsburgh Pirates,3,4,0,Brandon Sproat,Bubba Chandler
2026-08-03,Chicago Cubs,Los Angeles Dodgers,10,5,1,Matthew Boyd,Justin Wrobleski
2026-08-03,Texas Rangers,San Francisco Giants,1,5,0,Cal Quantrill,Logan Webb
2026-08-03,Houston Astros,Toronto Blue Jays,1,3,0,Cristian Javier,Shane Bieber
2026-08-03,Colorado Rockies,Tampa Bay Rays,9,13,0,Michael Lorenzen,Ian Seymour
2026-08-03,Arizona Diamondbacks,San Diego Padres,5,1,1,Brandon Pfaadt,Michael King
2026-08-04,Baltimore Orioles,Los Angeles Angels,3,1,1,Cade Povich,Grayson Rodriguez
2026-08-04,Cleveland Guardians,New York Mets,2,6,0,Joey Cantillo,Sean Manaea
2026-08-04,Cincinnati Reds,Athletics,5,4,1,Brady Singer,J.T. Ginn
2026-08-04,Philadelphia Phillies,Washington Nationals,5,0,1,Jesús Luzardo,Carson Palmquist
2026-08-04,New York Yankees,St. Louis Cardinals,2,0,1,Ryan Weathers,Hunter Dobbins
2026-08-04,Boston Red Sox,Chicago White Sox,14,2,1,Patrick Sandoval,Davis Martin
2026-08-04,Atlanta Braves,Miami Marlins,4,2,1,Grant Holmes,Ryan Gusto
2026-08-04,Kansas City Royals,Minnesota Twins,8,2,1,Randy Dobnak,Joe Ryan
2026-08-04,Milwaukee Brewers,Pittsburgh Pirates,4,2,1,Logan Henderson,Jared Jones
2026-08-04,Chicago Cubs,Los Angeles Dodgers,5,1,1,Javier Assad,Tarik Skubal
2026-08-04,Texas Rangers,San Francisco Giants,5,4,1,MacKenzie Gore,Blade Tidwell
2026-08-04,Houston Astros,Toronto Blue Jays,7,2,1,Hayden Wesneski,Trey Yesavage
2026-08-04,Colorado Rockies,Tampa Bay Rays,7,9,0,Gabriel Hughes,Freddy Peralta
2026-08-04,Arizona Diamondbacks,San Diego Padres,4,9,0,Eduardo Rodriguez,Randy Vásquez
2026-08-04,Seattle Mariners,Detroit Tigers,0,8,0,Emerson Hancock,Troy Melton
2026-08-05,Houston Astros,Toronto Blue Jays,4,5,0,Hunter Brown,Jameson Taillon
2026-08-05,Chicago Cubs,Los Angeles Dodgers,7,6,1,Shota Imanaga,Eric Lauer
2026-08-05,Texas Rangers,San Francisco Giants,6,0,1,Cody Bradford,Carson Whisenhunt
2026-08-05,Colorado Rockies,Tampa Bay Rays,0,4,0,Tomoyuki Sugano,Nick Martinez
2026-08-05,Baltimore Orioles,Los Angeles Angels,5,2,1,Trevor Rogers,Reid Detmers
2026-08-05,Cleveland Guardians,New York Mets,5,6,0,Tanner Bibee,Christian Scott
2026-08-05,Cincinnati Reds,Athletics,3,2,1,Rhett Lowder,Jacob Lopez
2026-08-05,Philadelphia Phillies,Washington Nationals,4,10,0,Andrew Painter,Jake Irvin
2026-08-05,New York Yankees,St. Louis Cardinals,1,3,0,Will Warren,Andre Pallante
2026-08-05,Boston Red Sox,Chicago White Sox,4,0,1,Sonny Gray,Sean Burke
2026-08-05,Atlanta Braves,Miami Marlins,4,1,1,Bryce Elder,Eury Pérez
2026-08-05,Kansas City Royals,Minnesota Twins,2,1,1,Noah Cameron,Dean Kremer
2026-08-05,Milwaukee Brewers,Pittsburgh Pirates,4,2,1,Kyle Harrison,Paul Skenes
2026-08-05,Arizona Diamondbacks,San Diego Padres,10,4,1,Mitch Bratt,Casey Mize
2026-08-05,Seattle Mariners,Detroit Tigers,4,2,1,Bryan Woo,Drew Anderson
2026-08-06,Baltimore Orioles,Los Angeles Angels,1,4,0,Brandon Young,Ryan Johnson
2026-08-06,Cincinnati Reds,Athletics,6,5,1,Andrew Abbott,Mason Barnett
2026-08-06,Cleveland Guardians,New York Mets,6,13,0,Foster Griffin,Nolan McLean
2026-08-06,Milwaukee Brewers,Pittsburgh Pirates,5,2,1,Dustin May,Braxton Ashcraft
2026-08-06,Chicago Cubs,Toronto Blue Jays,3,2,1,David Peterson,Dylan Cease
2026-08-06,Seattle Mariners,Detroit Tigers,0,11,0,Bryce Miller,Framber Valdez
2026-08-06,Philadelphia Phillies,Washington Nationals,7,3,1,Cristopher Sánchez,Miles Mikolas
2026-08-06,Boston Red Sox,Chicago White Sox,12,11,1,Ranger Suarez,Luis Castillo
2026-08-06,Atlanta Braves,Miami Marlins,11,3,1,Martín Pérez,Janson Junk
2026-08-06,Kansas City Royals,Minnesota Twins,3,4,0,Michael Wacha,Bailey Ober
2026-08-06,Arizona Diamondbacks,San Diego Padres,1,5,0,Kohl Drake,Walker Buehler
2026-08-07,Pittsburgh Pirates,New York Mets,4,6,0,Carmen Mlodzinski,Zac Thornton
2026-08-07,Philadelphia Phillies,Toronto Blue Jays,4,5,0,Zack Wheeler,José Soriano
2026-08-07,Washington Nationals,Cincinnati Reds,5,3,1,Cade Cavalli,Chase Petty
2026-08-07,New York Yankees,Atlanta Braves,3,2,1,Max Fried,Tyler Mahle
2026-08-07,Boston Red Sox,Athletics,13,1,1,Payton Tolle,Jack Perkins
2026-08-07,Miami Marlins,Los Angeles Angels,3,4,0,Tyler Phillips,George Klassen
2026-08-07,Chicago White Sox,Cleveland Guardians,2,8,0,Noah Schultz,Parker Messick
2026-08-07,Milwaukee Brewers,Minnesota Twins,6,8,0,Shane Drohan,Zebby Matthews
2026-08-07,Kansas City Royals,Chicago Cubs,4,6,0,Daniel Lynch IV,Kevin Gausman
2026-08-07,St. Louis Cardinals,Colorado Rockies,3,2,1,Kyle Leahy,Ryan Feltner
2026-08-07,Texas Rangers,Baltimore Orioles,2,1,1,Nathan Eovaldi,Shane Baz
2026-08-07,Arizona Diamondbacks,Los Angeles Dodgers,4,3,1,Merrill Kelly,Roki Sasaki
2026-08-07,San Diego Padres,Houston Astros,3,6,0,Robbie Ray,Ronel Blanco
2026-08-07,Seattle Mariners,Tampa Bay Rays,1,2,0,Logan Gilbert,Drew Rasmussen
2026-08-07,San Francisco Giants,Detroit Tigers,5,2,1,JT Brubaker,Keider Montero
2026-08-08,New York Yankees,Atlanta Braves,5,4,1,Gerrit Cole,Chris Sale
2026-08-08,Boston Red Sox,Athletics,3,7,0,Jake Bennett,Gage Jump
2026-08-08,Miami Marlins,Los Angeles Angels,7,0,1,Sandy Alcantara,Walbert Ureña
2026-08-08,Philadelphia Phillies,Toronto Blue Jays,5,7,0,Aaron Nola,Max Scherzer
2026-08-08,Pittsburgh Pirates,New York Mets,9,0,1,Bubba Chandler,Robert Stock
2026-08-08,Washington Nationals,Cincinnati Reds,8,2,1,Andrew Alvarez,Chase Burns
2026-08-08,Kansas City Royals,Chicago Cubs,6,3,1,Seth Lugo,Clay Holmes
2026-08-08,Milwaukee Brewers,Minnesota Twins,4,3,1,Robert Gasser,Taj Bradley
2026-08-08,San Diego Padres,Houston Astros,3,2,1,Michael King,Peter Lambert
2026-08-08,San Francisco Giants,Detroit Tigers,0,8,0,Landen Roupp,Jackson Jobe
2026-08-08,St. Louis Cardinals,Colorado Rockies,6,8,0,Matthew Liberatore,Kyle Freeland
2026-08-08,Texas Rangers,Baltimore Orioles,5,1,1,Jacob deGrom,Kyle Bradish
2026-08-08,Chicago White Sox,Cleveland Guardians,6,3,1,Anthony Kay,Gavin Williams
2026-08-08,Arizona Diamondbacks,Los Angeles Dodgers,1,2,0,Brandon Pfaadt,Yoshinobu Yamamoto
2026-08-08,Seattle Mariners,Tampa Bay Rays,2,3,0,George Kirby,Casey Legumina
2026-08-09,Washington Nationals,Cincinnati Reds,7,1,1,Brad Lord,Brady Singer
2026-08-09,Boston Red Sox,Athletics,3,4,0,Erik Miller,J.T. Ginn
2026-08-09,Pittsburgh Pirates,New York Mets,1,11,0,Jared Jones,Sean Manaea
2026-08-09,Philadelphia Phillies,Toronto Blue Jays,7,6,1,Jesús Luzardo,Shane Bieber
2026-08-09,New York Yankees,Atlanta Braves,1,2,0,Cam Schlittler,Grant Holmes
2026-08-09,Miami Marlins,Los Angeles Angels,12,3,1,Ryan Gusto,Grayson Rodriguez
2026-08-09,Kansas City Royals,Chicago Cubs,2,10,0,Randy Dobnak,Matthew Boyd
2026-08-09,Chicago White Sox,Cleveland Guardians,5,3,1,Davis Martin,Joey Cantillo
2026-08-09,Milwaukee Brewers,Minnesota Twins,4,3,1,Jacob Misiorowski,Connor Prielipp
2026-08-09,St. Louis Cardinals,Colorado Rockies,7,4,1,Michael McGreevy,Michael Lorenzen
2026-08-09,Texas Rangers,Baltimore Orioles,5,10,0,Kumar Rocker,Cade Povich
2026-08-09,San Francisco Giants,Detroit Tigers,1,3,0,Logan Webb,Troy Melton
2026-08-09,Arizona Diamondbacks,Los Angeles Dodgers,4,2,1,Eduardo Rodriguez,Justin Wrobleski
2026-08-09,Seattle Mariners,Tampa Bay Rays,1,4,0,Emerson Hancock,Ian Seymour
2026-08-09,San Diego Padres,Houston Astros,7,2,1,Randy Vásquez,Cristian Javier
2026-08-10,Toronto Blue Jays,Boston Red Sox,2,1,1,Jameson Taillon,Sonny Gray
2026-08-10,Atlanta Braves,New York Mets,5,8,0,Bryce Elder,Christian Scott
2026-08-10,Minnesota Twins,Baltimore Orioles,9,5,1,Dean Kremer,Trevor Rogers
2026-08-10,St. Louis Cardinals,Philadelphia Phillies,5,6,0,Hunter Dobbins,Andrew Painter
2026-08-10,Los Angeles Angels,Texas Rangers,1,4,0,Reid Detmers,MacKenzie Gore
2026-08-10,Arizona Diamondbacks,Colorado Rockies,9,0,1,Michael Soroka,Gabriel Hughes
2026-08-10,Athletics,Tampa Bay Rays,6,10,0,Jacob Lopez,Freddy Peralta
2026-08-10,San Diego Padres,Milwaukee Brewers,3,2,1,Casey Mize,Logan Henderson
2026-08-10,San Francisco Giants,Houston Astros,3,6,0,Blade Tidwell,Hayden Wesneski
2026-08-10,Los Angeles Dodgers,Kansas City Royals,6,5,1,Tarik Skubal,Noah Cameron
2026-08-11,Detroit Tigers,Cleveland Guardians,6,4,1,Drew Anderson,Tanner Bibee
2026-08-11,Miami Marlins,Pittsburgh Pirates,2,0,1,Eury Pérez,Paul Skenes
2026-08-11,Washington Nationals,Chicago Cubs,6,8,0,Jake Irvin,Shota Imanaga
2026-08-11,New York Yankees,Seattle Mariners,4,1,1,Ryan Weathers,Bryan Woo
2026-08-11,Toronto Blue Jays,Boston Red Sox,5,3,1,Dylan Cease,Patrick Sandoval
2026-08-11,Atlanta Braves,New York Mets,4,0,1,Martín Pérez,Nolan McLean
2026-08-11,Minnesota Twins,Baltimore Orioles,2,5,0,Bailey Ober,Brandon Young
2026-08-11,Chicago White Sox,Cincinnati Reds,4,5,0,Sean Burke,Nick Lodolo
2026-08-11,St. Louis Cardinals,Philadelphia Phillies,2,0,1,Andre Pallante,Cristopher Sánchez
2026-08-11,Los Angeles Angels,Texas Rangers,3,2,1,Ryan Johnson,Cody Bradford
2026-08-11,Arizona Diamondbacks,Colorado Rockies,2,3,0,Mitch Bratt,Tomoyuki Sugano
2026-08-11,Athletics,Tampa Bay Rays,4,12,0,Mason Barnett,Nick Martinez
2026-08-11,San Diego Padres,Milwaukee Brewers,11,2,1,Walker Buehler,Kyle Harrison
2026-08-11,San Francisco Giants,Houston Astros,4,1,1,Carson Whisenhunt,Hunter Brown
2026-08-11,Los Angeles Dodgers,Kansas City Royals,5,4,1,Blake Snell,Michael Wacha
2026-08-12,Minnesota Twins,Baltimore Orioles,7,5,1,Zebby Matthews,Shane Baz
2026-08-12,St. Louis Cardinals,Philadelphia Phillies,7,1,1,Kyle Leahy,Zack Wheeler
2026-08-12,Athletics,Tampa Bay Rays,4,8,0,Jack Perkins,Drew Rasmussen
2026-08-12,Arizona Diamondbacks,Colorado Rockies,4,6,0,Merrill Kelly,Ryan Feltner
2026-08-12,San Francisco Giants,Houston Astros,1,2,0,Adrian Houser,Bryan King
2026-08-12,San Diego Padres,Milwaukee Brewers,4,3,1,Robbie Ray,Dustin May
2026-08-12,Detroit Tigers,Cleveland Guardians,4,6,0,Framber Valdez,Foster Griffin
2026-08-12,Miami Marlins,Pittsburgh Pirates,8,2,1,Janson Junk,Carmen Mlodzinski
2026-08-12,Washington Nationals,Chicago Cubs,6,12,0,Jackson Kent,David Peterson
2026-08-12,New York Yankees,Seattle Mariners,10,5,1,Will Warren,Bryce Miller
2026-08-12,Toronto Blue Jays,Boston Red Sox,6,4,1,José Soriano,Ranger Suarez
2026-08-12,Atlanta Braves,New York Mets,6,3,1,Tyler Mahle,Zac Thornton
2026-08-12,Chicago White Sox,Cincinnati Reds,5,0,1,Luis Castillo,Rhett Lowder
2026-08-12,Los Angeles Dodgers,Kansas City Royals,4,2,1,Eric Lauer,Daniel Lynch IV
2026-08-12,Los Angeles Angels,Texas Rangers,5,2,1,George Klassen,Cal Quantrill
2026-08-13,Detroit Tigers,Cleveland Guardians,3,0,1,Keider Montero,Parker Messick
2026-08-13,Chicago White Sox,Cincinnati Reds,8,9,0,Davis Martin,Andrew Abbott
2026-08-13,Miami Marlins,Pittsburgh Pirates,1,13,0,Tyler Phillips,Braxton Ashcraft
2026-08-13,New York Yankees,Seattle Mariners,0,1,0,Max Fried,Logan Gilbert
2026-08-13,Toronto Blue Jays,Boston Red Sox,0,7,0,Max Scherzer,Payton Tolle
2026-08-13,Washington Nationals,Chicago Cubs,7,0,1,Cade Cavalli,Kevin Gausman
2026-08-13,Minnesota Twins,Philadelphia Phillies,1,7,0,Taj Bradley,Aaron Nola
2026-08-13,Los Angeles Angels,Texas Rangers,7,0,1,Walbert Ureña,Jacob deGrom
2026-08-13,Los Angeles Dodgers,Milwaukee Brewers,4,5,0,Roki Sasaki,Shane Drohan
2026-08-14,Chicago Cubs,St. Louis Cardinals,3,0,1,Clay Holmes,Matthew Liberatore
2026-08-14,Cincinnati Reds,Miami Marlins,1,0,1,Chase Burns,Sandy Alcantara
2026-08-14,Pittsburgh Pirates,Boston Red Sox,8,4,1,Bubba Chandler,Jake Bennett
2026-08-14,Detroit Tigers,Chicago White Sox,5,9,0,Jackson Jobe,Sean Newcomb
2026-08-14,New York Mets,Washington Nationals,4,1,1,Robert Stock,Andrew Alvarez
2026-08-14,Cleveland Guardians,San Diego Padres,5,7,0,Gavin Williams,Michael King
2026-08-14,Tampa Bay Rays,Baltimore Orioles,5,6,0,Steven Matz,Chris Bassitt
2026-08-14,Atlanta Braves,Arizona Diamondbacks,0,2,0,Chris Sale,Brandon Pfaadt
2026-08-14,Toronto Blue Jays,New York Yankees,3,1,1,Shane Bieber,Gerrit Cole
2026-08-14,Houston Astros,Seattle Mariners,10,7,1,Peter Lambert,George Kirby
2026-08-14,Los Angeles Angels,Kansas City Royals,6,7,0,Grayson Rodriguez,Seth Lugo
2026-08-14,Athletics,Texas Rangers,8,3,1,Gage Jump,Kumar Rocker
2026-08-14,Los Angeles Dodgers,Milwaukee Brewers,3,1,1,Yoshinobu Yamamoto,Robert Gasser
2026-08-14,San Francisco Giants,Colorado Rockies,2,5,0,Landen Roupp,Kyle Freeland
2026-08-15,Detroit Tigers,Chicago White Sox,3,4,0,Troy Melton,Anthony Kay
2026-08-15,Chicago Cubs,St. Louis Cardinals,4,8,0,Matthew Boyd,Michael McGreevy
2026-08-15,Toronto Blue Jays,New York Yankees,4,1,1,Braydon Fisher,Cam Schlittler
2026-08-15,San Francisco Giants,Colorado Rockies,7,1,1,Logan Webb,Michael Lorenzen
2026-08-15,New York Mets,Washington Nationals,5,4,1,Sean Manaea,Brad Lord
2026-08-15,Tampa Bay Rays,Baltimore Orioles,3,4,0,Ian Seymour,Kyle Bradish
2026-08-15,Cincinnati Reds,Miami Marlins,4,8,0,Brady Singer,Ryan Gusto
2026-08-15,Cleveland Guardians,San Diego Padres,6,1,1,Joey Cantillo,Wandy Peralta
2026-08-15,Houston Astros,Seattle Mariners,5,10,0,Hayden Wesneski,Emerson Hancock
2026-08-15,Minnesota Twins,Philadelphia Phillies,1,9,0,Connor Prielipp,Jesús Luzardo
2026-08-15,Pittsburgh Pirates,Boston Red Sox,0,4,0,Jared Jones,Sonny Gray
2026-08-15,Atlanta Braves,Arizona Diamondbacks,3,10,0,Grant Holmes,Eduardo Rodriguez
2026-08-15,Los Angeles Dodgers,Milwaukee Brewers,1,4,0,Justin Wrobleski,Jacob Misiorowski
2026-08-15,Los Angeles Angels,Kansas City Royals,1,0,1,Reid Detmers,Randy Dobnak
2026-08-15,Athletics,Texas Rangers,3,5,0,J.T. Ginn,MacKenzie Gore
2026-08-16,Tampa Bay Rays,Baltimore Orioles,2,10,0,Freddy Peralta,Trevor Rogers
2026-08-16,Pittsburgh Pirates,Boston Red Sox,8,3,1,Lake Bachar,Patrick Sandoval
2026-08-16,Atlanta Braves,Arizona Diamondbacks,5,3,1,Bryce Elder,Michael Soroka
2026-08-16,Toronto Blue Jays,New York Yankees,3,4,0,Dylan Cease,Ryan Weathers
2026-08-16,New York Mets,Washington Nationals,4,3,1,Christian Scott,Jake Irvin
2026-08-16,Cleveland Guardians,San Diego Padres,0,5,0,Tanner Bibee,Casey Mize
2026-08-16,Detroit Tigers,Chicago White Sox,5,7,0,Drew Anderson,Sean Burke
2026-08-16,Cincinnati Reds,Miami Marlins,1,7,0,Nick Lodolo,Eury Pérez
2026-08-16,Minnesota Twins,Philadelphia Phillies,5,7,0,Dean Kremer,Andrew Painter
2026-08-16,Chicago Cubs,St. Louis Cardinals,4,11,0,Edward Cabrera,Hunter Dobbins
2026-08-16,San Francisco Giants,Colorado Rockies,7,13,0,Blade Tidwell,Gabriel Hughes
2026-08-16,Athletics,Texas Rangers,5,2,1,Jacob Lopez,Cody Bradford
2026-08-16,Los Angeles Angels,Kansas City Royals,0,3,0,Ryan Johnson,Noah Cameron
2026-08-16,Los Angeles Dodgers,Milwaukee Brewers,2,6,0,Tarik Skubal,Logan Henderson
2026-08-16,Houston Astros,Seattle Mariners,2,3,0,Hunter Brown,Bryan Woo
2026-08-17,Cincinnati Reds,St. Louis Cardinals,1,2,0,Kent Emanuel,Quinn Mathews
2026-08-17,Cincinnati Reds,St. Louis Cardinals,6,5,1,Rhett Lowder,Andre Pallante
2026-08-17,Tampa Bay Rays,Baltimore Orioles,7,6,1,Shane McClanahan,Brandon Young
2026-08-17,Philadelphia Phillies,Miami Marlins,6,5,1,Cristopher Sánchez,Janson Junk
2026-08-17,Pittsburgh Pirates,Detroit Tigers,5,8,0,Carmen Mlodzinski,Framber Valdez
2026-08-17,Boston Red Sox,Arizona Diamondbacks,11,1,1,Alec Gamboa,Mitch Bratt
2026-08-17,New York Mets,San Diego Padres,2,1,1,Nolan McLean,Walker Buehler
2026-08-17,Kansas City Royals,Athletics,9,5,1,Michael Wacha,Mason Barnett
2026-08-17,Minnesota Twins,Atlanta Braves,4,2,1,Bailey Ober,Martín Pérez
2026-08-17,Chicago Cubs,Chicago White Sox,7,5,1,Shota Imanaga,Luis Castillo
2026-08-17,Colorado Rockies,Los Angeles Dodgers,5,11,0,Tomoyuki Sugano,Blake Snell
2026-08-18,Baltimore Orioles,New York Yankees,1,3,0,Shane Baz,Carlos Rodón
2026-08-18,Pittsburgh Pirates,Detroit Tigers,4,1,1,Braxton Ashcraft,Keider Montero
2026-08-18,Cleveland Guardians,San Francisco Giants,8,1,1,Foster Griffin,Carson Whisenhunt
2026-08-18,Cincinnati Reds,St. Louis Cardinals,0,3,0,Andrew Abbott,Kyle Leahy
2026-08-18,Tampa Bay Rays,Toronto Blue Jays,5,10,0,Nick Martinez,José Soriano
2026-08-18,Philadelphia Phillies,Miami Marlins,6,4,1,Zack Wheeler,Cade Gibson
2026-08-18,Boston Red Sox,Arizona Diamondbacks,9,4,1,Ranger Suarez,Merrill Kelly
2026-08-18,New York Mets,San Diego Padres,2,5,0,Zac Thornton,Robbie Ray
2026-08-18,Kansas City Royals,Athletics,4,3,1,Daniel Lynch IV,Brady Basso
2026-08-18,Minnesota Twins,Atlanta Braves,4,1,1,Zebby Matthews,Tyler Mahle
2026-08-18,Milwaukee Brewers,Seattle Mariners,22,0,1,Kyle Harrison,Bryce Miller
2026-08-18,Texas Rangers,Washington Nationals,5,0,1,Cal Quantrill,Jackson Kent
2026-08-18,Chicago Cubs,Chicago White Sox,4,3,1,Kevin Gausman,Bryan Hudson
2026-08-18,Houston Astros,Los Angeles Angels,1,3,0,Cristian Javier,George Klassen
2026-08-18,Colorado Rockies,Los Angeles Dodgers,6,7,0,Ryan Feltner,Eric Lauer
2026-08-19,Pittsburgh Pirates,Detroit Tigers,4,3,1,Paul Skenes,Jackson Jobe
2026-08-19,New York Mets,San Diego Padres,4,2,1,Robert Stock,Michael King
2026-08-19,Minnesota Twins,Atlanta Braves,6,4,1,Taj Bradley,AJ Smith-Shawver
2026-08-19,Chicago Cubs,Chicago White Sox,0,3,0,Clay Holmes,Sean Newcomb
2026-08-19,Boston Red Sox,Arizona Diamondbacks,6,7,0,Payton Tolle,Brandon Pfaadt
2026-08-19,Philadelphia Phillies,Miami Marlins,4,1,1,Aaron Nola,Sandy Alcantara
2026-08-19,Baltimore Orioles,New York Yankees,3,5,0,Chris Bassitt,Will Warren
2026-08-19,Cleveland Guardians,San Francisco Giants,0,1,0,Parker Messick,Matt Wilkinson
2026-08-19,Cincinnati Reds,St. Louis Cardinals,5,4,1,Chase Burns,Matthew Liberatore
2026-08-19,Tampa Bay Rays,Toronto Blue Jays,7,6,1,Drew Rasmussen,Max Scherzer
2026-08-19,Kansas City Royals,Athletics,9,7,1,Seth Lugo,Jeffrey Springs
2026-08-19,Milwaukee Brewers,Seattle Mariners,5,7,0,Dustin May,Logan Gilbert
2026-08-19,Texas Rangers,Washington Nationals,0,6,0,Kumar Rocker,Cade Cavalli
2026-08-19,Houston Astros,Los Angeles Angels,3,2,1,Ethan Pecko,Walbert Ureña
2026-08-19,Colorado Rockies,Los Angeles Dodgers,4,6,0,Kyle Freeland,Roki Sasaki
2026-08-20,Cincinnati Reds,St. Louis Cardinals,9,10,0,Brady Singer,Michael McGreevy
2026-08-20,Cleveland Guardians,San Francisco Giants,5,2,1,Gavin Williams,Landen Roupp
2026-08-20,Tampa Bay Rays,Toronto Blue Jays,1,5,0,Ian Seymour,Shane Bieber
2026-08-20,Kansas City Royals,Athletics,6,2,1,Randy Dobnak,Gage Jump
2026-08-20,Chicago White Sox,Atlanta Braves,0,2,0,Anthony Kay,Grant Holmes
2026-08-20,Milwaukee Brewers,Seattle Mariners,7,4,1,Robert Gasser,George Kirby
2026-08-20,Baltimore Orioles,New York Yankees,1,6,0,Kyle Bradish,Gerrit Cole
2026-08-20,Texas Rangers,Washington Nationals,2,0,1,Jacob deGrom,Andrew Alvarez
2026-08-20,Houston Astros,Los Angeles Angels,3,18,0,Peter Lambert,Grayson Rodriguez
2026-08-21,Milwaukee Brewers,Atlanta Braves,2,1,1,Jacob Misiorowski,Chris Sale
2026-08-21,Philadelphia Phillies,St. Louis Cardinals,7,6,1,Jesús Luzardo,Hunter Dobbins
2026-08-21,New York Yankees,Toronto Blue Jays,3,1,1,Cam Schlittler,Mason Fluharty
2026-08-21,Boston Red Sox,San Francisco Giants,6,4,1,Sonny Gray,Logan Webb
2026-08-21,Miami Marlins,Washington Nationals,3,2,1,Ryan Gusto,Brad Lord
2026-08-21,Baltimore Orioles,Tampa Bay Rays,5,3,1,Trevor Rogers,Freddy Peralta
2026-08-21,Chicago White Sox,New York Mets,6,4,1,Sean Burke,Sean Manaea
2026-08-21,Kansas City Royals,Detroit Tigers,5,2,1,Noah Cameron,Troy Melton
2026-08-21,Houston Astros,Athletics,4,0,1,Hayden Wesneski,J.T. Ginn
2026-08-21,Texas Rangers,Los Angeles Angels,2,1,1,MacKenzie Gore,Reid Detmers
2026-08-21,Colorado Rockies,Cleveland Guardians,1,9,0,Tanner Gordon,Joey Cantillo
2026-08-21,Arizona Diamondbacks,Cincinnati Reds,9,0,1,Eduardo Rodriguez,Nick Lodolo
2026-08-21,San Diego Padres,Minnesota Twins,6,2,1,Randy Vásquez,Connor Prielipp
2026-08-21,Los Angeles Dodgers,Pittsburgh Pirates,5,4,1,Yoshinobu Yamamoto,Bubba Chandler
2026-08-21,Seattle Mariners,Chicago Cubs,6,5,1,Emerson Hancock,Matthew Boyd
2026-08-22,New York Yankees,Toronto Blue Jays,3,4,0,Ryan Weathers,Dylan Cease
2026-08-22,Milwaukee Brewers,Atlanta Braves,4,1,1,Logan Henderson,Martín Pérez
2026-08-22,Miami Marlins,Washington Nationals,4,2,1,Eury Pérez,Jake Irvin
2026-08-22,Philadelphia Phillies,St. Louis Cardinals,12,3,1,Andrew Painter,Quinn Mathews
2026-08-22,Baltimore Orioles,Tampa Bay Rays,3,2,1,Brandon Young,Shane McClanahan
2026-08-22,Texas Rangers,Los Angeles Angels,0,3,0,Cody Bradford,Ryan Johnson
2026-08-22,Houston Astros,Athletics,3,4,0,Hunter Brown,Jacob Lopez
2026-08-22,Chicago White Sox,New York Mets,5,10,0,Luis Castillo,Christian Scott
2026-08-22,Kansas City Royals,Detroit Tigers,3,1,1,Michael Wacha,Drew Anderson
2026-08-22,Los Angeles Dodgers,Pittsburgh Pirates,4,3,1,Tarik Skubal,Jared Jones
2026-08-22,Seattle Mariners,Chicago Cubs,5,4,1,Kade Anderson,David Peterson
2026-08-22,Boston Red Sox,San Francisco Giants,3,2,1,Patrick Sandoval,Blade Tidwell
2026-08-22,Arizona Diamondbacks,Cincinnati Reds,5,11,0,Michael Soroka,Rhett Lowder
2026-08-22,Colorado Rockies,Cleveland Guardians,3,4,0,Gabriel Hughes,Tanner Bibee
2026-08-22,San Diego Padres,Minnesota Twins,7,5,1,Casey Mize,Dean Kremer
2026-08-23,Baltimore Orioles,Tampa Bay Rays,1,3,0,Shane Baz,Nick Martinez
2026-08-23,Philadelphia Phillies,St. Louis Cardinals,6,4,1,Cristopher Sánchez,Kyle Leahy
2026-08-23,New York Yankees,Toronto Blue Jays,8,3,1,Carlos Rodón,José Soriano
2026-08-23,Miami Marlins,Washington Nationals,6,2,1,Janson Junk,Jackson Kent
2026-08-23,Kansas City Royals,Detroit Tigers,11,7,1,Daniel Lynch IV,Jacob Waguespack
2026-08-23,Houston Astros,Athletics,6,7,0,Cristian Javier,Brady Basso
2026-08-23,Chicago White Sox,New York Mets,2,1,1,Sean Newcomb,Nolan McLean
2026-08-23,Texas Rangers,Los Angeles Angels,5,3,1,Cal Quantrill,Yusei Kikuchi
2026-08-23,Colorado Rockies,Cleveland Guardians,2,7,0,Tomoyuki Sugano,Foster Griffin
2026-08-23,Boston Red Sox,San Francisco Giants,5,4,1,Jake Bennett,Matt Wilkinson
2026-08-23,Los Angeles Dodgers,Pittsburgh Pirates,4,0,1,Blake Snell,Lake Bachar
2026-08-23,Seattle Mariners,Chicago Cubs,2,19,0,Bryce Miller,Shota Imanaga
2026-08-23,San Diego Padres,Minnesota Twins,8,1,1,Walker Buehler,Bailey Ober
2026-08-23,Arizona Diamondbacks,Cincinnati Reds,5,3,1,Mitch Bratt,Andrew Abbott
2026-08-23,Milwaukee Brewers,Atlanta Braves,2,4,0,Shane Drohan,Tyler Mahle
2026-08-24,Detroit Tigers,Tampa Bay Rays,1,4,0,Framber Valdez,Drew Rasmussen
2026-08-24,Miami Marlins,Boston Red Sox,2,4,0,Sandy Alcantara,Ranger Suarez
2026-08-24,Washington Nationals,Colorado Rockies,13,3,1,Cade Cavalli,Ryan Feltner
2026-08-24,Chicago White Sox,Texas Rangers,2,11,0,José Urquidy,Kumar Rocker
2026-08-24,Los Angeles Angels,Cleveland Guardians,2,4,0,George Klassen,Parker Messick
2026-08-24,Arizona Diamondbacks,Chicago Cubs,0,7,0,Merrill Kelly,Kevin Gausman
2026-08-24,San Diego Padres,Pittsburgh Pirates,2,3,0,Robbie Ray,Braxton Ashcraft
2026-08-24,Athletics,Minnesota Twins,6,9,0,Jeffrey Springs,Zebby Matthews
2026-08-24,Seattle Mariners,Philadelphia Phillies,9,2,1,Logan Gilbert,Zack Wheeler
2026-08-24,San Francisco Giants,Cincinnati Reds,5,0,1,Carson Whisenhunt,Chase Burns
2026-08-25,Detroit Tigers,Tampa Bay Rays,4,1,1,Jackson Jobe,Casey Legumina
2026-08-25,Miami Marlins,Boston Red Sox,3,7,0,Tyler Phillips,Payton Tolle
2026-08-25,Washington Nationals,Colorado Rockies,1,3,0,Andrew Alvarez,Mason Adams
2026-08-25,New York Yankees,Houston Astros,7,9,0,Will Warren,Ethan Pecko
2026-08-25,Toronto Blue Jays,Kansas City Royals,3,5,0,Max Scherzer,Seth Lugo
2026-08-25,New York Mets,Milwaukee Brewers,3,2,1,Zac Thornton,Kyle Harrison
2026-08-25,Atlanta Braves,Los Angeles Dodgers,4,3,1,Bryce Elder,Tyler Glasnow
2026-08-25,Chicago White Sox,Texas Rangers,11,7,1,Anthony Kay,Jacob deGrom
2026-08-25,St. Louis Cardinals,Baltimore Orioles,1,13,0,Matthew Liberatore,Chris Bassitt
2026-08-25,Los Angeles Angels,Cleveland Guardians,6,8,0,Walbert Ureña,Gavin Williams
2026-08-25,Arizona Diamondbacks,Chicago Cubs,5,4,1,Brandon Pfaadt,Clay Holmes
2026-08-25,San Diego Padres,Pittsburgh Pirates,0,1,0,Michael King,Paul Skenes
2026-08-25,Athletics,Minnesota Twins,4,2,1,Gage Jump,Taj Bradley
2026-08-25,Seattle Mariners,Philadelphia Phillies,4,1,1,George Kirby,Aaron Nola
2026-08-25,San Francisco Giants,Cincinnati Reds,3,1,1,Adrian Houser,Brady Singer
2026-08-26,Detroit Tigers,Tampa Bay Rays,0,3,0,Troy Melton,Freddy Peralta
2026-08-26,Arizona Diamondbacks,Chicago Cubs,2,0,1,Eduardo Rodriguez,Matthew Boyd
2026-08-26,San Francisco Giants,Cincinnati Reds,9,10,0,Logan Webb,Nick Lodolo
2026-08-26,Los Angeles Angels,Cleveland Guardians,3,4,0,Grayson Rodriguez,Joey Cantillo
2026-08-26,San Diego Padres,Pittsburgh Pirates,3,0,1,Randy Vásquez,Bubba Chandler
2026-08-26,Seattle Mariners,Philadelphia Phillies,0,6,0,Bryan Woo,Jesús Luzardo
2026-08-26,Miami Marlins,Boston Red Sox,4,0,1,Ryan Gusto,Sonny Gray
2026-08-26,Washington Nationals,Colorado Rockies,1,13,0,Matt Waldron,Tanner Gordon
2026-08-26,New York Yankees,Houston Astros,9,3,1,Elmer Rodríguez,Peter Lambert
2026-08-26,Toronto Blue Jays,Kansas City Royals,3,0,1,Spencer Miles,Randy Dobnak
2026-08-26,New York Mets,Milwaukee Brewers,1,8,0,Robert Stock,Dustin May
2026-08-26,Atlanta Braves,Los Angeles Dodgers,6,5,1,AJ Smith-Shawver,Roki Sasaki
2026-08-26,Chicago White Sox,Texas Rangers,10,4,1,Sean Burke,MacKenzie Gore
2026-08-26,St. Louis Cardinals,Baltimore Orioles,7,8,0,Michael McGreevy,Kyle Bradish
2026-08-26,Athletics,Minnesota Twins,7,4,1,J.T. Ginn,Connor Prielipp
2026-08-27,Washington Nationals,Colorado Rockies,7,1,1,Jake Irvin,Gabriel Hughes
2026-08-27,St. Louis Cardinals,Baltimore Orioles,7,5,1,Gordon Graceffo,Trevor Rogers
2026-08-27,New York Yankees,Houston Astros,1,5,0,Gerrit Cole,Hayden Wesneski
2026-08-27,Toronto Blue Jays,Kansas City Royals,2,13,0,Spencer Arrighetti,Noah Cameron
2026-08-27,New York Mets,Milwaukee Brewers,2,8,0,Sean Manaea,Jacob Misiorowski
2026-08-27,Atlanta Braves,Los Angeles Dodgers,1,0,1,Chris Sale,Yoshinobu Yamamoto
2026-08-27,San Francisco Giants,Arizona Diamondbacks,6,1,1,Landen Roupp,Jose Cabrera
2026-08-28,Chicago Cubs,Cincinnati Reds,8,10,0,David Peterson,Rhett Lowder
2026-08-28,Detroit Tigers,Los Angeles Dodgers,1,2,0,Drew Anderson,Tarik Skubal
2026-08-28,Washington Nationals,Miami Marlins,9,2,1,Jackson Kent,Eury Pérez
2026-08-28,Cleveland Guardians,Kansas City Royals,0,3,0,Tanner Bibee,Michael Wacha
2026-08-28,New York Mets,Houston Astros,1,3,0,Christian Scott,Hunter Brown
2026-08-28,Tampa Bay Rays,San Diego Padres,9,4,1,Shane McClanahan,Casey Mize
2026-08-28,Toronto Blue Jays,Seattle Mariners,8,1,1,Dylan Cease,Emerson Hancock
2026-08-28,Atlanta Braves,Colorado Rockies,6,4,1,Grant Holmes,Tomoyuki Sugano
2026-08-28,New York Yankees,Boston Red Sox,1,0,1,Cam Schlittler,Patrick Sandoval
2026-08-28,Milwaukee Brewers,Texas Rangers,6,1,1,Logan Henderson,Cody Bradford
2026-08-28,Minnesota Twins,Chicago White Sox,4,7,0,Dean Kremer,Luis Castillo
2026-08-28,St. Louis Cardinals,Pittsburgh Pirates,4,1,1,Quinn Mathews,Jared Jones
2026-08-28,Los Angeles Angels,Philadelphia Phillies,3,5,0,Reid Detmers,Andrew Painter
2026-08-28,Athletics,Baltimore Orioles,3,4,0,Jacob Lopez,Brandon Young
2026-08-28,San Francisco Giants,Arizona Diamondbacks,6,10,0,Blade Tidwell,Kohl Drake
2026-08-29,New York Yankees,Boston Red Sox,0,6,0,Carlos Rodón,Jake Bennett
2026-08-29,New York Yankees,Boston Red Sox,9,2,1,Max Fried,Alec Gamboa
2026-08-29,Detroit Tigers,Los Angeles Dodgers,2,1,1,Keider Montero,Blake Snell
2026-08-29,Minnesota Twins,Chicago White Sox,2,3,0,Bailey Ober,Erick Fedde
2026-08-29,St. Louis Cardinals,Pittsburgh Pirates,2,6,0,Kyle Leahy,Lake Bachar
2026-08-29,Chicago Cubs,Cincinnati Reds,17,5,1,Kevin Gausman,Andrew Abbott
2026-08-29,Toronto Blue Jays,Seattle Mariners,4,3,1,José Soriano,Kade Anderson
2026-08-29,San Francisco Giants,Arizona Diamondbacks,1,7,0,Matt Wilkinson,Merrill Kelly
2026-08-29,San Francisco Giants,Arizona Diamondbacks,7,2,1,Yunior Marte,Mitch Bratt
2026-08-29,Washington Nationals,Miami Marlins,5,4,1,Cade Cavalli,Sandy Alcantara
2026-08-29,Cleveland Guardians,Kansas City Royals,3,8,0,Foster Griffin,Daniel Lynch IV
2026-08-29,New York Mets,Houston Astros,6,2,1,Nolan McLean,Bennett Sousa
2026-08-29,Tampa Bay Rays,San Diego Padres,7,6,1,Nick Martinez,Walker Buehler
2026-08-29,Atlanta Braves,Colorado Rockies,2,1,1,Martín Pérez,Zach Agnos
2026-08-29,Milwaukee Brewers,Texas Rangers,5,3,1,Shane Drohan,Cal Quantrill
2026-08-29,Athletics,Baltimore Orioles,3,5,0,Jack Perkins,Shane Baz
2026-08-29,Los Angeles Angels,Philadelphia Phillies,2,4,0,Ryan Johnson,Cristopher Sánchez
2026-08-30,Washington Nationals,Miami Marlins,2,6,0,Andrew Alvarez,Janson Junk
2026-08-30,Atlanta Braves,Colorado Rockies,3,2,1,Tyler Mahle,Mason Adams
2026-08-30,New York Yankees,Boston Red Sox,16,1,1,Will Warren,Ranger Suarez
2026-08-30,Toronto Blue Jays,Seattle Mariners,7,0,1,Max Scherzer,Logan Gilbert
2026-08-30,Cleveland Guardians,Kansas City Royals,11,1,1,Parker Messick,Seth Lugo
2026-08-30,Detroit Tigers,Los Angeles Dodgers,1,6,0,Framber Valdez,Tyler Glasnow
2026-08-30,Tampa Bay Rays,San Diego Padres,5,4,1,Drew Rasmussen,Robbie Ray
2026-08-30,Minnesota Twins,Chicago White Sox,5,1,1,Zebby Matthews,Jordan Hicks
2026-08-30,Milwaukee Brewers,Texas Rangers,4,7,0,Dustin May,Kumar Rocker
2026-08-30,St. Louis Cardinals,Pittsburgh Pirates,4,5,0,Matthew Liberatore,Braxton Ashcraft
2026-08-30,New York Mets,Houston Astros,3,6,0,Zac Thornton,Ethan Pecko
2026-08-30,Athletics,Baltimore Orioles,5,8,0,Jeffrey Springs,Chris Bassitt
2026-08-30,Los Angeles Angels,Philadelphia Phillies,2,5,0,Yusei Kikuchi,Zack Wheeler
2026-08-30,Chicago Cubs,Cincinnati Reds,5,7,0,Shota Imanaga,Chase Burns
2026-08-31,Atlanta Braves,San Francisco Giants,3,7,0,Bryce Elder,Anthony Molina
2026-08-31,Cincinnati Reds,San Diego Padres,0,5,0,Brady Singer,Michael King
2026-08-31,Tampa Bay Rays,New York Mets,2,3,0,Ian Seymour,Robert Stock
2026-08-31,Boston Red Sox,Seattle Mariners,9,8,1,Payton Tolle,George Kirby
2026-08-31,Washington Nationals,Miami Marlins,6,3,1,Will Dion,Ryan Gusto
2026-08-31,Minnesota Twins,Detroit Tigers,11,1,1,Taj Bradley,Jackson Jobe
2026-08-31,Chicago Cubs,Milwaukee Brewers,17,3,1,Clay Holmes,Kyle Harrison
2026-08-31,Texas Rangers,Athletics,8,1,1,Jacob deGrom,Gage Jump
2026-08-31,Houston Astros,Chicago White Sox,6,3,1,Peter Lambert,Anthony Kay
2026-08-31,Colorado Rockies,Baltimore Orioles,1,2,0,Tanner Gordon,Cade Povich
2026-08-31,Los Angeles Angels,New York Yankees,10,1,1,Walbert Ureña,Elmer Rodríguez
2026-08-31,Arizona Diamondbacks,Philadelphia Phillies,1,2,0,Brandon Pfaadt,Aaron Nola
2026-09-01,Cincinnati Reds,San Diego Padres,4,3,1,Nick Lodolo,Randy Vásquez
2026-09-01,Pittsburgh Pirates,San Francisco Giants,13,12,1,Paul Skenes,Logan Webb
2026-09-01,Tampa Bay Rays,New York Mets,6,2,1,Freddy Peralta,Sean Manaea
2026-09-01,Cleveland Guardians,Toronto Blue Jays,6,1,1,Gavin Williams,Spencer Miles
2026-09-01,Boston Red Sox,Seattle Mariners,6,9,0,Jedixson Paez,Bryan Woo
2026-09-01,Washington Nationals,Atlanta Braves,9,5,1,Jake Irvin,AJ Smith-Shawver
2026-09-01,Minnesota Twins,Detroit Tigers,15,2,1,Andrew Morris,Troy Melton
2026-09-01,Kansas City Royals,Miami Marlins,3,6,0,Randy Dobnak,Tyler Phillips
2026-09-01,Chicago Cubs,Milwaukee Brewers,4,9,0,Matthew Boyd,Robert Gasser
2026-09-01,Texas Rangers,Athletics,8,5,1,MacKenzie Gore,Brady Basso
2026-09-01,Houston Astros,Chicago White Sox,1,5,0,Ronel Blanco,Sean Burke
2026-09-01,Colorado Rockies,Baltimore Orioles,4,2,1,Gabriel Hughes,Kyle Bradish
2026-09-01,Los Angeles Angels,New York Yankees,3,7,0,Grayson Rodriguez,Gerrit Cole
2026-09-01,Arizona Diamondbacks,Philadelphia Phillies,1,7,0,Eduardo Rodriguez,Jesús Luzardo
2026-09-01,Los Angeles Dodgers,St. Louis Cardinals,8,13,0,Eric Lauer,Michael McGreevy
2026-09-02,Cincinnati Reds,San Diego Padres,7,3,1,Brandon Williamson,Casey Mize
2026-09-02,Washington Nationals,Atlanta Braves,0,9,0,Brad Lord,Grant Holmes
2026-09-02,Texas Rangers,Athletics,2,9,0,Cody Bradford,Jacob Lopez
2026-09-02,Colorado Rockies,Baltimore Orioles,6,5,1,Tomoyuki Sugano,Trevor Rogers
2026-09-02,Arizona Diamondbacks,Philadelphia Phillies,1,0,1,Taylor Clarke,Andrew Painter
2026-09-02,Boston Red Sox,Seattle Mariners,3,8,0,Patrick Sandoval,Bryce Miller
2026-09-02,Pittsburgh Pirates,San Francisco Giants,4,5,0,Bubba Chandler,Landen Roupp
2026-09-02,Tampa Bay Rays,New York Mets,4,10,0,Griffin Jax,Justin Hagenman
2026-09-02,Cleveland Guardians,Toronto Blue Jays,0,11,0,Joey Cantillo,Dylan Cease
2026-09-02,Minnesota Twins,Detroit Tigers,6,11,0,Dean Kremer,Drew Anderson
2026-09-02,Kansas City Royals,Miami Marlins,6,9,0,Noah Cameron,Eury Pérez
2026-09-02,Chicago Cubs,Milwaukee Brewers,5,9,0,David Peterson,Jacob Misiorowski
2026-09-02,Houston Astros,Chicago White Sox,2,0,1,Hayden Wesneski,Davis Martin
2026-09-02,Los Angeles Angels,New York Yankees,3,6,0,Reid Detmers,Cam Schlittler
2026-09-02,Los Angeles Dodgers,St. Louis Cardinals,6,8,0,Yoshinobu Yamamoto,Brycen Mautz
2026-09-03,Pittsburgh Pirates,San Francisco Giants,5,2,1,Lake Bachar,Blade Tidwell
2026-09-03,Cleveland Guardians,Toronto Blue Jays,3,6,0,Tanner Bibee,José Soriano
2026-09-03,Houston Astros,Chicago White Sox,6,2,1,Hunter Brown,Luis Castillo
2026-09-03,Baltimore Orioles,Boston Red Sox,5,6,0,Brandon Young,Jake Bennett
2026-09-03,Chicago Cubs,Milwaukee Brewers,2,1,1,Kevin Gausman,Logan Henderson
2026-09-03,Kansas City Royals,Miami Marlins,7,3,1,Michael Wacha,Sandy Alcantara
2026-09-03,Texas Rangers,Tampa Bay Rays,6,0,1,Cal Quantrill,Shane McClanahan
2026-09-03,Seattle Mariners,Athletics,4,7,0,Kade Anderson,Jack Perkins
2026-09-03,Los Angeles Dodgers,St. Louis Cardinals,3,2,1,Tarik Skubal,Quinn Mathews
2026-09-04,Cleveland Guardians,Detroit Tigers,7,6,1,Logan Allen,Keider Montero
2026-09-04,Cleveland Guardians,Detroit Tigers,4,3,1,Foster Griffin,Andrew Sears
2026-09-04,Cincinnati Reds,Milwaukee Brewers,7,10,0,Rhett Lowder,Shane Drohan
2026-09-04,Philadelphia Phillies,Atlanta Braves,2,5,0,Cristopher Sánchez,Chris Sale
2026-09-04,Pittsburgh Pirates,Los Angeles Angels,1,0,1,Jared Jones,Ryan Johnson
2026-09-04,Baltimore Orioles,Boston Red Sox,0,1,0,Shane Baz,Ranger Suarez
2026-09-04,New York Mets,San Francisco Giants,10,6,1,Nolan McLean,Matt Wilkinson
2026-09-04,Miami Marlins,Chicago Cubs,1,6,0,Janson Junk,Shota Imanaga
2026-09-04,Chicago White Sox,Minnesota Twins,4,1,1,Erick Fedde,Zebby Matthews
2026-09-04,Texas Rangers,Tampa Bay Rays,6,7,0,Trevor Williams,Nick Martinez
2026-09-04,Houston Astros,Arizona Diamondbacks,3,1,1,Cristian Javier,Merrill Kelly
2026-09-04,Kansas City Royals,Toronto Blue Jays,2,9,0,Daniel Lynch IV,Jameson Taillon
2026-09-04,Colorado Rockies,St. Louis Cardinals,6,7,0,Ryan Feltner,Andre Pallante
2026-09-04,San Diego Padres,New York Yankees,3,2,1,Walker Buehler,Max Fried
2026-09-04,Los Angeles Dodgers,Washington Nationals,5,3,1,Blake Snell,Jackson Kent
2026-09-04,Seattle Mariners,Athletics,6,7,0,Logan Gilbert,Kade Morris
2026-09-05,New York Mets,San Francisco Giants,5,9,0,Zac Thornton,Anthony Molina
2026-09-05,Miami Marlins,Chicago Cubs,5,6,0,Ryan Gusto,Javier Assad
2026-09-05,Philadelphia Phillies,Atlanta Braves,4,2,1,Zack Wheeler,Martín Pérez
2026-09-05,Cleveland Guardians,Detroit Tigers,0,6,0,Parker Messick,Framber Valdez
2026-09-05,Pittsburgh Pirates,Los Angeles Angels,1,6,0,Braxton Ashcraft,Yusei Kikuchi
2026-09-05,Cincinnati Reds,Milwaukee Brewers,5,3,1,Andrew Abbott,Dustin May
2026-09-05,Baltimore Orioles,Boston Red Sox,0,5,0,Chris Bassitt,Sonny Gray
2026-09-05,Texas Rangers,Tampa Bay Rays,3,6,0,Jacob deGrom,Drew Rasmussen
2026-09-05,Kansas City Royals,Toronto Blue Jays,3,4,0,Seth Lugo,Max Scherzer
2026-09-05,Chicago White Sox,Minnesota Twins,4,6,0,Anthony Kay,Taj Bradley
2026-09-05,Houston Astros,Arizona Diamondbacks,3,4,0,Ethan Pecko,Brandon Pfaadt
2026-09-05,San Diego Padres,New York Yankees,1,5,0,Robbie Ray,Carlos Rodón
2026-09-05,Colorado Rockies,St. Louis Cardinals,10,7,1,Mason Adams,Matthew Liberatore
2026-09-05,Los Angeles Dodgers,Washington Nationals,6,5,1,Tyler Glasnow,Cade Cavalli
2026-09-05,Seattle Mariners,Athletics,2,6,0,George Kirby,Jeffrey Springs
2026-09-06,Cincinnati Reds,Milwaukee Brewers,12,8,1,Brady Singer,Kyle Harrison
2026-09-06,Philadelphia Phillies,Atlanta Braves,4,5,0,Aaron Nola,Tyler Mahle
2026-09-06,Baltimore Orioles,Boston Red Sox,1,3,0,Kyle Bradish,Payton Tolle
2026-09-06,Pittsburgh Pirates,Los Angeles Angels,1,0,1,Paul Skenes,Walbert Ureña
2026-09-06,Cleveland Guardians,Detroit Tigers,3,2,1,Gavin Williams,Jackson Jobe
2026-09-06,New York Mets,San Francisco Giants,4,2,1,Christian Scott,Cesar Perdomo
2026-09-06,Miami Marlins,Chicago Cubs,10,3,1,Tyler Phillips,Clay Holmes
2026-09-06,Houston Astros,Arizona Diamondbacks,2,3,0,Peter Lambert,Eduardo Rodriguez
2026-09-06,Kansas City Royals,Toronto Blue Jays,6,1,1,Randy Dobnak,Spencer Arrighetti
2026-09-06,Texas Rangers,Tampa Bay Rays,8,6,1,MacKenzie Gore,Ian Seymour
2026-09-06,Colorado Rockies,St. Louis Cardinals,8,10,0,Tanner Gordon,Kyle Leahy
2026-09-06,Seattle Mariners,Athletics,2,0,1,Bryan Woo,Gage Jump
2026-09-06,San Diego Padres,New York Yankees,4,3,1,Michael King,Gerrit Cole
2026-09-06,Chicago White Sox,Minnesota Twins,10,1,1,Bryan Hudson,Bailey Ober
2026-09-06,Los Angeles Dodgers,Washington Nationals,7,5,1,Justin Wrobleski,Andrew Alvarez
2026-09-07,Philadelphia Phillies,Atlanta Braves,1,0,1,Jesús Luzardo,Grant Holmes
2026-09-07,Miami Marlins,New York Mets,4,9,0,Eury Pérez,Jonah Tong
2026-09-07,Boston Red Sox,Los Angeles Angels,5,2,1,Brayan Bello,Grayson Rodriguez
2026-09-07,Baltimore Orioles,Cleveland Guardians,6,4,1,Trevor Rogers,Joey Cantillo
2026-09-07,Kansas City Royals,Arizona Diamondbacks,4,5,0,Noah Cameron,Derek Law
2026-09-07,Milwaukee Brewers,Chicago Cubs,4,3,1,Robert Gasser,Matthew Boyd
2026-09-07,Detroit Tigers,Minnesota Twins,5,4,1,Troy Melton,Joe Ryan
2026-09-07,San Diego Padres,Washington Nationals,3,2,1,Nick Pivetta,Jake Irvin
2026-09-07,San Francisco Giants,St. Louis Cardinals,5,4,1,Logan Webb,Michael McGreevy
2026-09-07,Los Angeles Dodgers,Cincinnati Reds,6,3,1,Emmet Sheehan,Chase Burns
2026-09-07,Athletics,Toronto Blue Jays,6,5,1,Jacob Lopez,Dylan Cease
2026-09-08,Baltimore Orioles,Cleveland Guardians,5,9,0,Brandon Young,Tanner Bibee
2026-09-08,Detroit Tigers,Minnesota Twins,2,3,0,Drew Anderson,Dean Kremer
2026-09-08,Philadelphia Phillies,Houston Astros,5,6,0,Andrew Painter,Hayden Wesneski
2026-09-08,Miami Marlins,New York Mets,5,7,0,Sandy Alcantara,Sean Manaea
2026-09-08,Boston Red Sox,Los Angeles Angels,1,6,0,Patrick Sandoval,Reid Detmers
2026-09-08,New York Yankees,Colorado Rockies,5,3,1,Cam Schlittler,Gabriel Hughes
2026-09-08,Atlanta Braves,Tampa Bay Rays,1,7,0,AJ Smith-Shawver,Freddy Peralta
2026-09-08,Kansas City Royals,Arizona Diamondbacks,3,5,0,Michael Wacha,Corbin Burnes
2026-09-08,Chicago White Sox,Pittsburgh Pirates,3,9,0,Sean Burke,Bubba Chandler
2026-09-08,Milwaukee Brewers,Chicago Cubs,4,3,1,Jacob Misiorowski,David Peterson
2026-09-08,San Diego Padres,Washington Nationals,5,4,1,Casey Mize,Riley Cornelio
2026-09-08,Seattle Mariners,Texas Rangers,5,10,0,Bryce Miller,Cal Quantrill
2026-09-08,Athletics,Toronto Blue Jays,2,4,0,Jack Perkins,José Soriano
2026-09-08,San Francisco Giants,St. Louis Cardinals,2,1,1,Landen Roupp,Quinn Mathews
2026-09-08,Los Angeles Dodgers,Cincinnati Reds,3,2,1,Tarik Skubal,Nick Lodolo
2026-09-09,Detroit Tigers,Minnesota Twins,7,2,1,Keider Montero,Zebby Matthews
2026-09-09,Athletics,Toronto Blue Jays,2,0,1,Brady Basso,Braydon Fisher
2026-09-09,San Francisco Giants,St. Louis Cardinals,7,6,1,Blade Tidwell,Andre Pallante
2026-09-09,San Diego Padres,Washington Nationals,9,2,1,Walker Buehler,Jackson Kent
2026-09-09,Seattle Mariners,Texas Rangers,3,2,1,Kade Anderson,Cody Bradford
2026-09-09,Baltimore Orioles,Cleveland Guardians,9,5,1,Shane Baz,Foster Griffin
2026-09-09,Philadelphia Phillies,Houston Astros,11,7,1,Cristopher Sánchez,Hunter Brown
2026-09-09,Miami Marlins,New York Mets,14,15,0,Janson Junk,Robert Stock
2026-09-09,Boston Red Sox,Los Angeles Angels,4,6,0,Jake Bennett,Ryan Johnson
2026-09-09,New York Yankees,Colorado Rockies,6,1,1,Will Warren,Tomoyuki Sugano
2026-09-09,Atlanta Braves,Tampa Bay Rays,2,7,0,Reynaldo López,Griffin Jax
2026-09-09,Kansas City Royals,Arizona Diamondbacks,5,2,1,Daniel Lynch IV,Zac Gallen
2026-09-09,Chicago White Sox,Pittsburgh Pirates,2,4,0,Davis Martin,Lake Bachar
2026-09-09,Milwaukee Brewers,Chicago Cubs,8,6,1,Logan Henderson,Kevin Gausman
2026-09-09,Los Angeles Dodgers,Cincinnati Reds,14,1,1,Yoshinobu Yamamoto,Rhett Lowder
2026-09-10,Atlanta Braves,Tampa Bay Rays,3,1,1,Martín Pérez,Nick Martinez
2026-09-10,Philadelphia Phillies,Houston Astros,1,2,0,Zack Wheeler,Cristian Javier
2026-09-10,Seattle Mariners,Texas Rangers,4,3,1,Logan Gilbert,Jacob deGrom
2026-09-10,New York Yankees,Colorado Rockies,10,3,1,Max Fried,Ryan Feltner
2026-09-10,Chicago White Sox,Pittsburgh Pirates,0,2,0,Hagen Smith,Jared Jones
